pk,jsondata,id,name,description,markup_description,updated,active,created
1,{},1,Pronouns,"Pronouns, pronoun exchange, nominal gender",,2013-11-14T10:27:53.394989+01:00,True,2013-11-14T10:27:53.394979+01:00
2,{},2,Noun Phrase,Noun phrase,,2013-11-14T10:27:53.395835+01:00,True,2013-11-14T10:27:53.395831+01:00
3,{},3,Tense & Aspect,Verb phrase I: tense and aspect,,2013-11-14T10:27:53.396140+01:00,True,2013-11-14T10:27:53.396137+01:00
4,{},4,Modal Verbs,Verb phrase II: modal verbs,,2013-11-14T10:27:53.396387+01:00,True,2013-11-14T10:27:53.396384+01:00
5,{},5,Verb Morphology,Verb phrase III: verb morphology,,2013-11-14T10:27:53.396630+01:00,True,2013-11-14T10:27:53.396627+01:00
6,{},6,Negation,Negation,,2013-11-14T10:27:53.396895+01:00,True,2013-11-14T10:27:53.396891+01:00
7,{},7,Agreement,Agreement,,2013-11-14T10:27:53.397175+01:00,True,2013-11-14T10:27:53.397172+01:00
8,{},8,Relativization,Relativization,,2013-11-14T10:27:53.397433+01:00,True,2013-11-14T10:27:53.397430+01:00
9,{},9,Complementation,Complementation,,2013-11-14T10:27:53.397671+01:00,True,2013-11-14T10:27:53.397668+01:00
10,{},10,Adverbial Subordination,Adverbial Subordination,,2013-11-14T10:27:53.397906+01:00,True,2013-11-14T10:27:53.397903+01:00
11,{},11,Adverbs & Prepositions,Adverbs and prepositions,,2013-11-14T10:27:53.398146+01:00,True,2013-11-14T10:27:53.398143+01:00
12,{},12,Discourse & Word Order,Discourse organization and word order,,2013-11-14T10:27:53.398381+01:00,True,2013-11-14T10:27:53.398379+01:00
