pk,jsondata,polymorphic_type,id,name,description,markup_description,updated,active,created,version
175,"{""example_source"": ""constructed""}",custom,175,Deletion of auxiliary be: before gonna,I Ø gonna go work.,,2013-11-14T10:27:53.591279+01:00,True,2013-11-14T10:27:53.591276+01:00,1
1,"{""example_source"": ""Kortmann/Szmrecsanyi (2004)""}",custom,1,She/her used for inanimate referents,She was burning good [about a house],,2013-11-14T10:27:53.539541+01:00,True,2013-11-14T10:27:53.539534+01:00,1
2,"{""example_source"": ""Southwest (Wagner 2008: 425)""}",custom,2,He/him used for inanimate referents,I bet thee cansnʼ climb he [= a tree],,2013-11-14T10:27:53.540576+01:00,True,2013-11-14T10:27:53.540570+01:00,1
3,"{""example_source"": ""FijiE (Jeff Siegel, p.c. and Mugler/Tent  2008:  551)""}",custom,3,Alternative forms/phrases for referential (non-dummy) it,e.g. the thing: When you on [‘switch on’] the alarm system you press this button. When you off the thing [‘switch it off’] you press that one.,,2013-11-14T10:27:53.541027+01:00,True,2013-11-14T10:27:53.541023+01:00,1
4,"{""example_source"": ""East Anglia (Trudgill 2008: 409)""}",custom,4,Alternative forms/phrases for dummy it,Thass rainen ‘Itʼs raining’ (emphatic),,2013-11-14T10:27:53.541452+01:00,True,2013-11-14T10:27:53.541448+01:00,1
5,"{""example_source"": ""Tok Pisin (Smith 2008: 491)""}",custom,5,Generalized third person singular pronoun: subject pronouns,em for ‘he/she/it’,,2013-11-14T10:27:53.541820+01:00,True,2013-11-14T10:27:53.541816+01:00,1
6,"{""example_source"": ""HawC (Jeff Siegel, p.c. and Sakoda and Siegel 2008: 541)""}",custom,6,Generalized third person singular pronoun: object pronouns,om for ‘him/her/it’,,2013-11-14T10:27:53.542175+01:00,True,2013-11-14T10:27:53.542171+01:00,1
7,"{""example_source"": ""Kortmann/Szmrecsanyi (2004)""}",custom,7,Me instead of I in coordinate subjects,Me and my brother/My brother and me were late,,2013-11-14T10:27:53.542513+01:00,True,2013-11-14T10:27:53.542509+01:00,1
8,"{""example_source"": ""Kortmann/Szmrecsanyi (2004) (modified)""}",custom,8,Myself/meself instead of I in coordinate subjects,My/me husband and myself were late.,,2013-11-14T10:27:53.542839+01:00,True,2013-11-14T10:27:53.542836+01:00,1
9,"{""example_source"": ""UAAVE (Wolfram 2008b:  526) (modified)""}",custom,9,Benefactive “personal dative” construction,I got me a new car; She got her a new car; They got them a new car,,2013-11-14T10:27:53.543159+01:00,True,2013-11-14T10:27:53.543156+01:00,1
10,"{""example_source"": ""FijiE (Mugler/Tent 2008:  549); EAfE (Mesthrie/Bhatt 2008: 55)""}",custom,10,No gender distinction in third person singular,"My mother, heʼs a primary school teacher; My husband who was in England, she was by then my fiancé",,2013-11-14T10:27:53.543479+01:00,True,2013-11-14T10:27:53.543475+01:00,1
11,"{""example_source"": ""Kortmann/Szmrecsanyi (2004)""}",custom,11,Regularized reflexives paradigm,"hisself, theirselves/theirself",,2013-11-14T10:27:53.543778+01:00,True,2013-11-14T10:27:53.543775+01:00,1
12,"{""example_source"": ""Kortmann/Szmrecsanyi (2004)""}",custom,12,Object pronoun forms serving as base for first and/or second person reflexives,meself for ‘myself’,,2013-11-14T10:27:53.544063+01:00,True,2013-11-14T10:27:53.544061+01:00,1
13,"{""example_source"": ""Kortmann/Szmrecsanyi (2004)""}",custom,13,Subject pronoun forms serving as base for reflexives,theyselves for ‘themselves’,,2013-11-14T10:27:53.544348+01:00,True,2013-11-14T10:27:53.544345+01:00,1
14,"{""example_source"": ""Kortmann/Szmrecsanyi (2004)""}",custom,14,No number distinction in reflexives,ourself for ‘ourselves’,,2013-11-14T10:27:53.544634+01:00,True,2013-11-14T10:27:53.544631+01:00,1
15,"{""example_source"": ""IrE (Filppula 2008:  349); (Hickey 2004: 601)""}",custom,15,Absolute use of reflexives,"And by God, he said, … he’d be the devil if himself wouldn’t make him laugh; Himself is gone to Dublin (meaning ‘boss’, ‘head’)",,2013-11-14T10:27:53.544910+01:00,True,2013-11-14T10:27:53.544907+01:00,1
16,"{""example_source"": ""AppE (Montgomery 2008: 448)""}",custom,16,Emphatic reflexives with own,Everybody took care of their own self.,,2013-11-14T10:27:53.545224+01:00,True,2013-11-14T10:27:53.545221+01:00,1
17,"{""example_source"": ""CarCs (Schneider 2008: 773); JamC, (Patrick 2008: 633)""}",custom,17,Creation of possessive pronouns with prefix fi- +personal pronoun,Den no fi-me work me put yuh inna? [lit.: Then no for-me job I put you into] ‘Then wasnʼt it my job I got for you?’,,2013-11-14T10:27:53.545503+01:00,True,2013-11-14T10:27:53.545501+01:00,1
18,"{""example_source"": ""BelC (Jeff Siegel, p.c.)""}",custom,18,Subject pronoun forms as (modifying) possessive pronouns: first person singular,I book for ‘my book’,,2013-11-14T10:27:53.545787+01:00,True,2013-11-14T10:27:53.545785+01:00,1
19,"{""example_source"": ""LibSE (Singler 2008: 406)""}",custom,19,Subject pronoun forms as (modifying) possessive pronouns: first person plural,"When we done make we farm, we n’t know nothing about sell…",,2013-11-14T10:27:53.546064+01:00,True,2013-11-14T10:27:53.546062+01:00,1
20,"{""example_source"": ""constructed""}",custom,20,Subject pronoun forms as (modifying) possessive pronouns: third person singular,he book for ‘his book’,,2013-11-14T10:27:53.546343+01:00,True,2013-11-14T10:27:53.546340+01:00,1
21,"{""example_source"": ""UAAVE (Wolfram 2008b: 525)""}",custom,21,Subject pronoun forms as (modifying) possessive pronouns: third person plural,It’s they book,,2013-11-14T10:27:53.546621+01:00,True,2013-11-14T10:27:53.546618+01:00,1
22,"{""example_source"": ""JamC (Patrick 2008: 628)""}",custom,22,You as (modifying) possessive pronoun,Yu kyaan kom iin-ya siev yu pie yu fier ‘You canʼt come in here unless you pay your fare’,,2013-11-14T10:27:53.546901+01:00,True,2013-11-14T10:27:53.546898+01:00,1
23,"{""example_source"": ""JamC (Patrick 2008: 621)""}",custom,23,Second person pronoun forms other than you as (modifying) possessive pronoun,"Shut unu ai, na! ‘Shut your [2PL] eyes, wonʼt you?’",,2013-11-14T10:27:53.547177+01:00,True,2013-11-14T10:27:53.547174+01:00,1
24,"{""example_source"": ""AbE (Malcolm 2008: 432); Yorkshire, (Upton et al. 1994: 488)""}",custom,24,Object pronoun forms as (modifying) possessive pronouns: third person singular,im dog ‘his dog’; get im gear on,,2013-11-14T10:27:53.547454+01:00,True,2013-11-14T10:27:53.547451+01:00,1
25,"{""example_source"": ""constructed""}",custom,25,Object pronoun forms as (modifying) possessive pronouns: third person plural,them book for ‘their book’,,2013-11-14T10:27:53.547732+01:00,True,2013-11-14T10:27:53.547729+01:00,1
26,"{""example_source"": ""Kortmann/Szmrecsanyi (2004)""}",custom,26,Object pronoun forms as (modifying) possessive pronouns: first person singular,Heʼs me brother; Iʼve lost me bike,,2013-11-14T10:27:53.548009+01:00,True,2013-11-14T10:27:53.548007+01:00,1
27,"{""example_source"": ""Kortmann/Szmrecsanyi (2004)""}",custom,27,Object pronoun forms as (modifying) possessive pronouns: first person plural,Us George was a nice one; We like us town;,,2013-11-14T10:27:53.548288+01:00,True,2013-11-14T10:27:53.548285+01:00,1
28,"{""example_source"": ""Kortmann/Szmrecsanyi (2004)""}",custom,28,Use of us + NP in subject function,Us kids used to pinch the sweets like hell.,,2013-11-14T10:27:53.548564+01:00,True,2013-11-14T10:27:53.548561+01:00,1
29,"{""example_source"": ""Kortmann/Szmrecsanyi (2004)""}",custom,29,Use of us in object function with singular referent,Show us [‘me’] them boots.,,2013-11-14T10:27:53.548844+01:00,True,2013-11-14T10:27:53.548841+01:00,1
59,"{""example_source"": ""NigE (Schneider 2007: 83 (modified))""}",custom,59,Double determiners,This our common problem is very serious.,,2013-11-14T10:27:53.558090+01:00,True,2013-11-14T10:27:53.558087+01:00,1
30,"{""example_source"": ""Kortmann/Szmrecsanyi (2004); Southwest (Wagner 2008: 421); HawC (Jeff Siegel, p.c.)""}",custom,30,Non-coordinated subject pronoun forms in object function,"e.g. You did get he out of bed in the middle of the night; Well, if I didnʼt know they, they knowed I",,2013-11-14T10:27:53.549129+01:00,True,2013-11-14T10:27:53.549116+01:00,1
31,"{""example_source"": ""Southwest (Wagner 2008: 421); Kortmann/Szmrecsanyi (2004); North (Beal 2008: 377); HawC (Jeff Siegel p.c.)""}",custom,31,Non-coordinated object pronoun forms in subject function,"Evercreech, what did ʼem [ʼtheyʼ] call it?; Us say ʼerʼs [‘she is’] dry; Usʼll do it; Huz san him? ‘Whose son is he?’",,2013-11-14T10:27:53.549410+01:00,True,2013-11-14T10:27:53.549407+01:00,1
32,"{""example_source"": ""GhP (Huber 2008: 387)""}",custom,32,Distinction between emphatic vs. non-emphatic forms of pronouns,in vs. ì: ì bì in [emphatic 3SG] we ì [unstressed 3SG] mek govanment no put mo presha fo wi. [lit.: It be that what it make government not put more pressure for we] ‘That is what prevents the government from using more pressure on us.’,,2013-11-14T10:27:53.549690+01:00,True,2013-11-14T10:27:53.549687+01:00,1
33,"{""example_source"": ""Southern/Midland AmE (Schneider 2008: 773); Staffordshire (Upton et al. 1994: 488); Worcestershire Upton et al. 1994: 488)""}",custom,33,Independent possessive pronoun forms with added nasal,"hern, hisn, ourn; hersn, oursn, ourns",,2013-11-14T10:27:53.549967+01:00,True,2013-11-14T10:27:53.549965+01:00,1
34,"{""example_source"": ""Kortmann/Szmrecsanyi (2004)""}",custom,34,Forms or phrases for the second person plural pronoun other than you,youse; yʼall; aayʼ; yufela; you…together; all of you; you ones/ʼuns; you guys; you people,,2013-11-14T10:27:53.550374+01:00,True,2013-11-14T10:27:53.550371+01:00,1
35,"{""example_source"": ""Southwest (Susanne Wagner, p.c.)""}",custom,35,Forms or phrases for the second person singular pronoun other than you,ye,,2013-11-14T10:27:53.550658+01:00,True,2013-11-14T10:27:53.550655+01:00,1
36,"{""example_source"": ""Queensland AbE (Malcolm 2008: 433)""}",custom,36,Distinct forms for inclusive/exclusive first person non-singular,"afla (inclusive, i.e. ‘we, including you’) vs. mifela (exclusive, i.e. ‘we, not including you’)",,2013-11-14T10:27:53.550935+01:00,True,2013-11-14T10:27:53.550932+01:00,1
37,"{""example_source"": ""Bislama (Crowley 2008: 447)""}",custom,37,More number distinctions in personal pronouns than simply singular vs. plural,"hem (3SG), tufala (3DU), trifala (3TRI), ol(geta) (3PL)",,2013-11-14T10:27:53.551220+01:00,True,2013-11-14T10:27:53.551218+01:00,1
38,"{""example_source"": ""FijiE (Mugler/Tent 2008: .539), HawC (Sakoda/Siegel 2008: 539)""}",custom,38,Specialized plural markers for pronouns,"us-gang (1PL.); as gaiz (1PL), yu gaiz (2PL), dem gaiz (3PL)",,2013-11-14T10:27:53.551499+01:00,True,2013-11-14T10:27:53.551497+01:00,1
39,"{""example_source"": ""South Midland CollAmE (Murray/Simon 2008: 413)""}",custom,39,Plural forms of interrogative pronouns: using additional elements,Who-all did you say was gonna be there?,,2013-11-14T10:27:53.551776+01:00,True,2013-11-14T10:27:53.551773+01:00,1
40,"{""example_source"": ""IndSAfE (Mesthrie/Bhatt 2008: 75)""}",custom,40,Plural forms of interrogative pronouns: reduplication,Who-who came? ‘Who (of several people) came?’; What-what they said? ‘What (different) things did they say?’,,2013-11-14T10:27:53.552054+01:00,True,2013-11-14T10:27:53.552051+01:00,1
41,"{""example_source"": ""MalE (Baskaran 2008: 612)""}",custom,41,Singular it for plural they in anaphoric use,Those books are very informative. It can be obtained at Dillon’s.,,2013-11-14T10:27:53.552337+01:00,True,2013-11-14T10:27:53.552334+01:00,1
42,"{""example_source"": ""Bislama (Crowley 2008: 455); IndE (Bhatt 2008: 557)""}",custom,42,Object pronoun drop,"mi laekem Ø ‘I like it’; A: You got tickets? – B: No, Ø sold Ø alreadyʼA: Do you have tickets? B: No, I sold them alreadyʼ",,2013-11-14T10:27:53.552616+01:00,True,2013-11-14T10:27:53.552614+01:00,1
43,"{""example_source"": ""IndE (Bhatt 2008: 557)""}",custom,43,Subject pronoun drop: referential pronouns,"A: You got tickets? – B: No, Ø sold Ø already ‘A: Do you have tickets? B: No, I sold them already’",,2013-11-14T10:27:53.552894+01:00,True,2013-11-14T10:27:53.552892+01:00,1
44,"{""example_source"": ""IndE (Bhatt 2008: 559)""}",custom,44,Subject pronoun drop: dummy pronouns,Ø rained yesterday only (emphatic),,2013-11-14T10:27:53.553198+01:00,True,2013-11-14T10:27:53.553196+01:00,1
45,"{""example_source"": ""BlSAfE (Mesthrie/Bhatt 2008: 91)""}",custom,45,Insertion of it where StE favours zero,"As I made it clear before, I am going to talk about solutions, not problems; As it is the case elsewhere in Africa, much can still be done for children",,2013-11-14T10:27:53.553478+01:00,True,2013-11-14T10:27:53.553475+01:00,1
46,"{""example_source"": ""UgE ; PhilE; HKE (Mesthrie/Bhatt 2008: 58)""}",custom,46,Deletion of it in referential it is-constructions,"Is very nice food; But when I move into the flat, is OK",,2013-11-14T10:27:53.553759+01:00,True,2013-11-14T10:27:53.553756+01:00,1
47,"{""example_source"": ""UgE ; PhilE; HKE (Mesthrie/Bhatt 2008: 58)""}",custom,47,Deletion of it in non-referential it is-constructions,Here is not allowed to stop the car.,,2013-11-14T10:27:53.554036+01:00,True,2013-11-14T10:27:53.554033+01:00,1
48,"{""example_source"": ""IndSAfE (Mesthrie 2008b: 513)""}",custom,48,Regularization of plural formation: extension of -s to StE irregular plurals,"childrens, oxens, sheeps",,2013-11-14T10:27:53.554315+01:00,True,2013-11-14T10:27:53.554312+01:00,1
49,"{""example_source"": ""ScE (Miller 2008: 301)""}",custom,49,Regularization of plural formation: phonological regularization,"wifes, knifes, lifes, leafs",,2013-11-14T10:27:53.554592+01:00,True,2013-11-14T10:27:53.554590+01:00,1
50,"{""example_source"": ""Solomon Islands Pijin (Jourdan 2008:  474)""}",custom,50,Plural marking via preposed elements,Olketa boe bae kam long naet ‘The boys will come at night’,,2013-11-14T10:27:53.554873+01:00,True,2013-11-14T10:27:53.554871+01:00,1
51,"{""example_source"": ""JamC (Patrick 2008: 640); AbE (Malcolm 2008: 431)""}",custom,51,Plural marking via postposed elements,Some a di woman dem single woman; clean water-mob ‘lots of clean water’,,2013-11-14T10:27:53.555155+01:00,True,2013-11-14T10:27:53.555152+01:00,1
52,"{""example_source"": ""AppE (Montgomery 2008: 445); JamC (Patrick 2008: 641); IndSAfE (Mesthrie 2008b: 513)""}",custom,52,Associative plural marked by postposed and them/them all/dem,I have a picture of my dad and them working their own road; Miss Waaka dem laaf afta him; I saw Saras-them’s cat by the road,,2013-11-14T10:27:53.555434+01:00,True,2013-11-14T10:27:53.555431+01:00,1
53,"{""example_source"": ""possible in FijiE (Jeff Siegel, p.c.)""}",custom,53,Associative plural marked by other elements,my Daddy gang ‘my Dad and his colleagues/friends/…’,,2013-11-14T10:27:53.555793+01:00,True,2013-11-14T10:27:53.555788+01:00,1
54,"{""example_source"": ""Kortmann/Szmrecsanyi (2004)""}",custom,54,Group plurals,That President has two Secretary of States (rather than two Secretaries of State),,2013-11-14T10:27:53.556201+01:00,True,2013-11-14T10:27:53.556195+01:00,1
55,"{""example_source"": ""AbE, (Malcolm 2008: 586); MalE (Baskaran 2008: 613); EAfE (Schmied 2008: 455)""}",custom,55,Different count/mass noun distinctions resulting in use of plural for StE singular,woods ‘bits of wood’; How many staffs are on medical leave?; These advices are coming because they’ve already studied all of us,,2013-11-14T10:27:53.556613+01:00,True,2013-11-14T10:27:53.556608+01:00,1
56,"{""example_source"": ""BlSAfE (Mesthrie 2008a: 497); Kortmann/Szmrecsanyi (2004)""}",custom,56,Absence of plural marking only after quantifiers,We did all our subject-Ø in English; four pound; five year,,2013-11-14T10:27:53.557041+01:00,True,2013-11-14T10:27:53.557036+01:00,1
57,"{""example_source"": ""constructed""}",custom,57,Plural marking generally optional : for nouns with human referents,My sister-Ø are pretty girl-Ø.,,2013-11-14T10:27:53.557482+01:00,True,2013-11-14T10:27:53.557479+01:00,1
58,"{""example_source"": ""constructed""}",custom,58,Plural marking generally optional: for nouns with non-human referents,The tree-Ø  donʼt grow very tall up there.,,2013-11-14T10:27:53.557787+01:00,True,2013-11-14T10:27:53.557784+01:00,1
60,"{""example_source"": ""Kortmann/Szmrecsanyi (2004); NfldE (Clarke 2008: 501)""}",custom,60,Use of definite article where StE has indefinite article,I had the toothache; ...when theyʼd get the cold… ʼa coldʼ,,2013-11-14T10:27:53.558383+01:00,True,2013-11-14T10:27:53.558380+01:00,1
61,"{""example_source"": ""constructed""}",custom,61,Use of indefinite article where StE has definite article,A sun was shining.,,2013-11-14T10:27:53.558675+01:00,True,2013-11-14T10:27:53.558672+01:00,1
62,"{""example_source"": ""MalE (Baskaran 2008: 611)""}",custom,62,Use of zero article where StE has definite article,Did you get Ø mileage-claim for that trip?; Ø main reason for their performance…,,2013-11-14T10:27:53.558961+01:00,True,2013-11-14T10:27:53.558958+01:00,1
63,"{""example_source"": ""IndE (Sharma 2005: 545)""}",custom,63,Use of zero article where StE has indefinite article,"Then he thought, what about getting Ø girl [to marry] from India?",,2013-11-14T10:27:53.559248+01:00,True,2013-11-14T10:27:53.559245+01:00,1
64,"{""example_source"": ""GhE(Huber/Dako 2008: 374); IrE, (Mesthrie/Bhatt 2008: 51); IrE (Filppula 2008: 347)""}",custom,64,Use of definite article where StE favours zero,"He was appointed sales representative at the Nestlé, Ghana Ltd.; Do they keep the goats?; Poor people were starved with the hunger",,2013-11-14T10:27:53.559537+01:00,True,2013-11-14T10:27:53.559534+01:00,1
65,"{""example_source"": ""Kortmann/Szmrecsanyi (2004)""}",custom,65,Use of indefinite article where StE favours zero,about a three fields,,2013-11-14T10:27:53.559880+01:00,True,2013-11-14T10:27:53.559877+01:00,1
66,"{""example_source"": ""AbE (Malcolm 2008: 431); JamC (Patrick 2008: 637)""}",custom,66,Indefinite article one/wan,They seen one [‘a’] green snake tangled round a tree; Di uman sel wan mango,,2013-11-14T10:27:53.560174+01:00,True,2013-11-14T10:27:53.560171+01:00,1
67,"{""example_source"": ""AbE (Malcolm 2008: 431)""}",custom,67,Demonstratives for definite articles,That door bin close ‘the door closed’,,2013-11-14T10:27:53.560465+01:00,True,2013-11-14T10:27:53.560463+01:00,1
68,"{""example_source"": ""Kortmann/Szmrecsanyi (2004)""}",custom,68,Them instead of demonstrative those,"in them days, one of them things",,2013-11-14T10:27:53.560756+01:00,True,2013-11-14T10:27:53.560753+01:00,1
69,"{""example_source"": ""O&SE (Melchers 2008: 295); ScE (Miller 2008: 306)""}",custom,69,Yon/yonder indicating remoteness,yon oil company; yon muckle Concorde; Wi his sair foot he would never could climb yon stairs,,2013-11-14T10:27:53.561039+01:00,True,2013-11-14T10:27:53.561036+01:00,1
70,"{""example_source"": ""EA (Trudgill (2008: 411); Krio (Yillah/Corcoran 2007:190)""}",custom,70,Proximal and distal demonstratives with  ʼhereʼ and  ʼthereʼ,this here book vs. them there books; Dis man (ya) lek dem trosis (de),,2013-11-14T10:27:53.561337+01:00,True,2013-11-14T10:27:53.561335+01:00,1
71,"{""example_source"": ""Cape Flats E (McCormick 2008: 525)""}",custom,71,No number distinction in demonstratives,I’ve watched this children .,,2013-11-14T10:27:53.561624+01:00,True,2013-11-14T10:27:53.561621+01:00,1
72,"{""example_source"": """"}",custom,72,Group genitives,The man I metʼs girlfriend is a real beauty(rather than The girlfriend of the man I met is a real beauty),,2013-11-14T10:27:53.561910+01:00,True,2013-11-14T10:27:53.561908+01:00,1
73,"{""example_source"": ""NigP (APiCS questionnaire, feature no. 77)""}",custom,73,Existential construction to express possessive,Mà mòto de. [lit.: my car exist] ‘I have a car.’,,2013-11-14T10:27:53.562193+01:00,True,2013-11-14T10:27:53.562190+01:00,1
74,"{""example_source"": ""NigP (Faraclas 2008:361); Norf\u02bck (M\u00fchlh\u00e4usler 2008: 577); Kortmann/Szmrecsanyi (2004)""}",custom,74,Phrases with for + noun to express possession: for-phrase following possessed NP,nayf for Chinyere ‘Chinyereʼs knife’; aa kau fe mais bradhas ‘that cow of my brother’; the house for me ‘my house’,,2013-11-14T10:27:53.562476+01:00,True,2013-11-14T10:27:53.562474+01:00,1
75,"{""example_source"": ""AbE (Malcolm 2008: 432)""}",custom,75,Phrases with for + noun to express possession: for-phrase preceding possessed NP,Long time he was for my sister husband ‘A long time ago he was my sisterʼs husband’,,2013-11-14T10:27:53.562765+01:00,True,2013-11-14T10:27:53.562762+01:00,1
76,"{""example_source"": ""AusC (Burridge 2008: 594)""}",custom,76,Postnominal phrases with bilong/blong/long/blo to express possession,dog blong/blo maan ‘the man’s dog’,,2013-11-14T10:27:53.563047+01:00,True,2013-11-14T10:27:53.563044+01:00,1
77,"{""example_source"": ""AAVE (Schneider 2008: 772)""}",custom,77,Omission of genitive suffix; possession expressed through bare juxtaposition of nouns,my daddy brother,,2013-11-14T10:27:53.563325+01:00,True,2013-11-14T10:27:53.563322+01:00,1
78,"{""example_source"": ""Kortmann/Szmrecsanyi (2004)""}",custom,78,Double comparatives and superlatives,That is so much more easier to follow.,,2013-11-14T10:27:53.563603+01:00,True,2013-11-14T10:27:53.563601+01:00,1
79,"{""example_source"": ""Kortmann/Szmrecsanyi (2004)""}",custom,79,Regularized comparison strategies: extension of synthetic marking,He is the regularest kind of guy I know.,,2013-11-14T10:27:53.563883+01:00,True,2013-11-14T10:27:53.563880+01:00,1
80,"{""example_source"": ""Kortmann/Szmrecsanyi (2004)""}",custom,80,Regularized comparison strategies: extension of analytic marking,one of the most pretty sunsets,,2013-11-14T10:27:53.564162+01:00,True,2013-11-14T10:27:53.564160+01:00,1
81,"{""example_source"": ""Mesthrie/Bhatt (2008: 86)""}",custom,81,Much as comparative marker,The unemployment position is much severe than in Singapore.,,2013-11-14T10:27:53.564440+01:00,True,2013-11-14T10:27:53.564437+01:00,1
82,"{""example_source"": ""Upton et al. (1994: 504)""}",custom,82,As/to as comparative markers,worse as ‘worse than’,,2013-11-14T10:27:53.564718+01:00,True,2013-11-14T10:27:53.564715+01:00,1
83,"{""example_source"": ""AppE, CollAmE (Schneider 2008: 772)""}",custom,83,Comparatives and superlatives of participles,"fightingest, singingest",,2013-11-14T10:27:53.564991+01:00,True,2013-11-14T10:27:53.564988+01:00,1
84,"{""example_source"": ""BlSAfE (Mesthrie 2008c: 631);""}",custom,84,Comparative marking only with than,He loves his car than [‘more than’] his children;,,2013-11-14T10:27:53.565306+01:00,True,2013-11-14T10:27:53.565303+01:00,1
85,"{""example_source"": ""AfE (Mesthrie/Bhatt 2008: 85)""}",custom,85,Comparative marking with more…and,They would have more powder on their hands and in their faces ‘…than in their faces’,,2013-11-14T10:27:53.565588+01:00,True,2013-11-14T10:27:53.565585+01:00,1
86,"{""example_source"": ""BlSAfE (Mesthrie 2008c: 631)""}",custom,86,Zero marking of degree,He is one of the radical students that you can ever find.,,2013-11-14T10:27:53.565865+01:00,True,2013-11-14T10:27:53.565862+01:00,1
87,"{""example_source"": ""Pacific/Australasian P/Cs (Burridge 2008: 594)""}",custom,87,Attributive adjectival modifiers follow head noun,bikpela sospen ain ‘a big iron saucepan’,,2013-11-14T10:27:53.566139+01:00,True,2013-11-14T10:27:53.566137+01:00,1
88,"{""example_source"": ""Kortmann/Szmrecsanyi (2004)""}",custom,88,Wider range of uses of progressive be + V-ing than in StE: extension to stative verbs,Iʼm liking this; What are you wanting?,,2013-11-14T10:27:53.566416+01:00,True,2013-11-14T10:27:53.566414+01:00,1
89,"{""example_source"": ""HKE (ICE-HK:W1B-010#114:2)""}",custom,89,Wider range of uses of progressive be + V-ing than in StE: extension to habitual contexts,"My holiday (Saturday, Sunday), I am usually going to library, China town, city, etc.",,2013-11-14T10:27:53.566692+01:00,True,2013-11-14T10:27:53.566689+01:00,1
90,"{""example_source"": ""Kortmann/Szmrecsanyi (2004)""}",custom,90,Invariant be as habitual marker,He be sick ‘He is always/usually sick’,,2013-11-14T10:27:53.566971+01:00,True,2013-11-14T10:27:53.566968+01:00,1
91,"{""example_source"": ""Kortmann/Szmrecsanyi (2004)""}",custom,91,Do as habitual marker,He does catch fish pretty.,,2013-11-14T10:27:53.567245+01:00,True,2013-11-14T10:27:53.567242+01:00,1
92,"{""example_source"": ""Kortmann/Szmrecsanyi (2004)""}",custom,92,Other non-standard habitual markers: synthetic,I drinks three and four cups to a meal.,,2013-11-14T10:27:53.567518+01:00,True,2013-11-14T10:27:53.567515+01:00,1
93,"{""example_source"": ""Kortmann/Szmrecsanyi (2004); Bislama, (Crowley 2008: 455) (modified)""}",custom,93,Other non-standard habitual markers: analytic,He do be sick a lot; Me stap ronron ‘I jog [every day]’,,2013-11-14T10:27:53.567792+01:00,True,2013-11-14T10:27:53.567789+01:00,1
94,"{""example_source"": ""bothTok Pisin (Smith 2008: 500; Jeff Siegel p.c.)""}",custom,94,Progressive marker stap or stay,Ol i wokabout i stap ‘they are walking’; Hem i stap kaekae ‘He is eating’,,2013-11-14T10:27:53.568071+01:00,True,2013-11-14T10:27:53.568068+01:00,1
95,"{""example_source"": ""Kortmann/Szmrecsanyi (2004)""}",custom,95,Be sat/stood with progressive meaning,When youʼre stood [‘are standing’] there you can see the flames.,,2013-11-14T10:27:53.568349+01:00,True,2013-11-14T10:27:53.568346+01:00,1
96,"{""example_source"": ""ScE (Miller 2008: 308)""}",custom,96,There with past participle in resultative contexts,There’s something fallen down the sink .,,2013-11-14T10:27:53.568626+01:00,True,2013-11-14T10:27:53.568623+01:00,1
97,"{""example_source"": ""IrE (Filppula 2008: 330)""}",custom,97,Medial object perfect,And you eat nothing till you have the stations made.,,2013-11-14T10:27:53.568900+01:00,True,2013-11-14T10:27:53.568898+01:00,1
98,"{""example_source"": ""Kortmann/Szmrecsanyi (2004)""}",custom,98,After-perfect,Sheʼs after selling the boat ‘She has just sold the boat’,,2013-11-14T10:27:53.569196+01:00,True,2013-11-14T10:27:53.569193+01:00,1
99,"{""example_source"": ""Kortmann/Szmrecsanyi (2004)""}",custom,99,Levelling of the difference between present perfect and simple past: simple past for StE present perfect,Were you ever in London?,,2013-11-14T10:27:53.569513+01:00,True,2013-11-14T10:27:53.569511+01:00,1
100,"{""example_source"": ""Kortmann/Szmrecsanyi (2004)""}",custom,100,Levelling of the difference between present perfect and simple past: present perfect for StE simple past,Some of us have been to New York years ago.,,2013-11-14T10:27:53.569799+01:00,True,2013-11-14T10:27:53.569797+01:00,1
101,"{""example_source"": ""IrE, (Filppula 2008: 331); IrE (Hickey 2004: 611); SAfE (Mesthrie 2008c: 626)""}",custom,101,Simple present for continuative or experiential perfect,I’m in here about four months; I know her since she was a child; I’m here for twenty years,,2013-11-14T10:27:53.570083+01:00,True,2013-11-14T10:27:53.570080+01:00,1
102,"{""example_source"": ""Kortmann/Szmrecsanyi (2004)""}",custom,102,Be as perfect auxiliary,Theyʼre not left school yet.,,2013-11-14T10:27:53.570366+01:00,True,2013-11-14T10:27:53.570364+01:00,1
103,"{""example_source"": ""Kortmann/Szmrecsanyi (2004); BK""}",custom,103,Do as unstressed tense marker,This man what do own this; That girl what did smile at me,,2013-11-14T10:27:53.570644+01:00,True,2013-11-14T10:27:53.570641+01:00,1
104,"{""example_source"": ""Kortmann/Szmrecsanyi (2004)""}",custom,104,Completive/perfect done,He done go fishing; You don ate what I has sent you?,,2013-11-14T10:27:53.570934+01:00,True,2013-11-14T10:27:53.570932+01:00,1
105,"{""example_source"": ""EAAVE (Schneider 2008: 765)""}",custom,105,Completive/perfect have/be + done + past participle,He is done gone .,,2013-11-14T10:27:53.571211+01:00,True,2013-11-14T10:27:53.571208+01:00,1
106,"{""example_source"": ""AAVE (Schneider 2008: 765)""}",custom,106,“Sequential” or “irrealis” be done,"If you love your enemies, they be done eat you alive in this society .",,2013-11-14T10:27:53.571490+01:00,True,2013-11-14T10:27:53.571487+01:00,1
107,"{""example_source"": ""SEAmE (Wolfram 2008a: 477)""}",custom,107,Completive/perfect marker slam,I slam told you not to mess up.,,2013-11-14T10:27:53.571778+01:00,True,2013-11-14T10:27:53.571775+01:00,1
108,"{""example_source"": ""Mesthrie/Bhatt (2008: 63)""}",custom,108,Ever as marker of experiential perfect,I ever see the movie ‘I have seen the movie’,,2013-11-14T10:27:53.572059+01:00,True,2013-11-14T10:27:53.572056+01:00,1
109,"{""example_source"": ""Cape Flats E (McCormick 2008: 523)""}",custom,109,Perfect marker already,We did move here a week already ‘We had moved here a week previously’; Were you there already? ‘Have you been there before?’,,2013-11-14T10:27:53.572341+01:00,True,2013-11-14T10:27:53.572338+01:00,1
110,"{""example_source"": ""Solomon Islands Pijin (Jourdan 2008: 481)""}",custom,110,Finish-derived completive markers,Wakum gaden blong mifala finis ‘I have completed my work in our garden’,,2013-11-14T10:27:53.572623+01:00,True,2013-11-14T10:27:53.572621+01:00,1
111,"{""example_source"": ""Kortmann/Szmrecsanyi (2004)""}",custom,111,Past tense/anterior marker been,I been cut the bread.,,2013-11-14T10:27:53.572900+01:00,True,2013-11-14T10:27:53.572898+01:00,1
112,"{""example_source"": ""St.Lucian C (Aceto 2008: 658)""}",custom,112,Anterior had + bare root,"Hii had iit do bred biifoh hii goo tuu skuul ‘he ate the bread before he went to school’,",,2013-11-14T10:27:53.573190+01:00,True,2013-11-14T10:27:53.573187+01:00,1
113,"{""example_source"": ""Kortmann/Szmrecsanyi (2004)""}",custom,113,Loosening of sequence of tenses rule,I noticed the van I came in ‘I noticed the van I had come in’,,2013-11-14T10:27:53.573469+01:00,True,2013-11-14T10:27:53.573466+01:00,1
114,"{""example_source"": ""Gullah (Mufwene 2008: 563); Turks Islands E (Aceto 2008: p. 653)""}",custom,114,Go-based future markers,e.g. Uh ain ga go nowhere ‘I won’t go anywhere’; He gon build my house,,2013-11-14T10:27:53.573749+01:00,True,2013-11-14T10:27:53.573746+01:00,1
115,"{""example_source"": ""BelC (Escure 2008: 752); Tok Pisin (Smith 2008: 498)""}",custom,115,Volition-based future markers other than will,A tel dem pipl da nobadi els wan de da kampʼI told them that nobody else will be at the campʼ; Em i laik go long gaden ʼhe likes/is about to go to the gardenʼ,,2013-11-14T10:27:53.574029+01:00,True,2013-11-14T10:27:53.574027+01:00,1
116,"{""example_source"": ""GhE (Huber/Dako 2008: 370)""}",custom,116,Come-based future/ingressive markers,I am coming to cook your meal  ‘I am about to cook your meal’,,2013-11-14T10:27:53.574310+01:00,True,2013-11-14T10:27:53.574307+01:00,1
117,"{""example_source"": ""SgE (Mesthrie/Bhatt 2008: 60)\u00a0(modified)""}",custom,117,Present tense forms for neutral future reference,I think I make one new dress for Chinese New Year.,,2013-11-14T10:27:53.574587+01:00,True,2013-11-14T10:27:53.574584+01:00,1
118,"{""example_source"": ""StHE (Wilson/Mesthrie 2008: 539); Lancashire (Upton et al. 1994: 501)""}",custom,118,Is for am/will with 1st person singular,I’s going to town ‘I am/will be going to town’ ; I’s not ‘I won’t’,,2013-11-14T10:27:53.574869+01:00,True,2013-11-14T10:27:53.574866+01:00,1
119,"{""example_source"": ""MalE (Baskaran 2008: 613)""}",custom,119,Would for (distant) future in contrast to will (immediate future),I would eat/would be eating rice tomorrow,,2013-11-14T10:27:53.575149+01:00,True,2013-11-14T10:27:53.575146+01:00,1
120,"{""example_source"": ""Kortmann/Szmrecsanyi (2004)""}",custom,120,Would in if-clauses,If Iʼd be you…,,2013-11-14T10:27:53.575426+01:00,True,2013-11-14T10:27:53.575424+01:00,1
121,"{""example_source"": ""Kortmann/Szmrecsanyi (2004)""}",custom,121,Double modals,I tell you what we might should do.,,2013-11-14T10:27:53.575702+01:00,True,2013-11-14T10:27:53.575700+01:00,1
122,"{""example_source"": ""Kortmann/Szmrecsanyi (2004)""}",custom,122,Epistemic mustn’t,This mustnʼt [‘canʼt’] be true.,,2013-11-14T10:27:53.575980+01:00,True,2013-11-14T10:27:53.575977+01:00,1
123,"{""example_source"": ""BlSAfE (Mesthrie 2008b: 490f.)""}",custom,123,Present tense forms of modals used where StE has past tense forms,"I wish that people in the world will [‘would’] get educated;[...] they can [‘might’] be wild, but theyʼre human beings",,2013-11-14T10:27:53.576258+01:00,True,2013-11-14T10:27:53.576256+01:00,1
124,"{""example_source"": ""Midwestern CollAmE (Schneider 2008: 771)""}",custom,124,Want/need + past participle,The cat wants petted; The car needs washed,,2013-11-14T10:27:53.576539+01:00,True,2013-11-14T10:27:53.576537+01:00,1
125,"{""example_source"": ""Southern AmE (Hickey 2004: 606); AppE (Montgomery 2008: 437)""}",custom,125,New quasi-modals: core modal meanings,We liketa drowned that day ‘we almost drowned that day’; He belongs to come here today ‘he ought to come here today’,,2013-11-14T10:27:53.576817+01:00,True,2013-11-14T10:27:53.576814+01:00,1
126,"{""example_source"": ""Southern AmE (Hickey 2004: 606); AAVE (Wolfram 2008b: 521); OzE (Murray/Smith 2008: 416)""}",custom,126,New quasi-modals: aspectual meanings,Theyʼre fixinʼ to leave town ‘theyʼre about to leave’; Iʼm finna go‘Iʼm about to go’; It useta didnʼt matter whether you walked in late or not ‘[Formerly] it didnʼt matter...’,,2013-11-14T10:27:53.577101+01:00,True,2013-11-14T10:27:53.577098+01:00,1
127,"{""example_source"": ""IndE (Bhatt 2008: 553); WhSAfE (Bowerman 2008: 477)""}",custom,127,Non-standard use of modals for politeness reasons,This furniture may be [‘is to be’] removed tomorrow; Must I make you some tea? ‘Shall I…’,,2013-11-14T10:27:53.577421+01:00,True,2013-11-14T10:27:53.577418+01:00,1
128,"{""example_source"": ""Kortmann/Szmrecsanyi (2004)""}",custom,128,Levelling of past tense/past participle verb forms: regularization of irregular verb paradigms,catch-catched-catched,,2013-11-14T10:27:53.577804+01:00,True,2013-11-14T10:27:53.577801+01:00,1
129,"{""example_source"": ""Kortmann/Szmrecsanyi (2004)""}",custom,129,Levelling of past tense/past participle verb forms: unmarked forms,frequent with give and run,,2013-11-14T10:27:53.578125+01:00,True,2013-11-14T10:27:53.578122+01:00,1
165,"{""example_source"": ""Kortmann/Szmrecsanyi (2004)""}",custom,165,Invariant non-concord tags,"They had them in their hair, innit?",,2013-11-14T10:27:53.588398+01:00,True,2013-11-14T10:27:53.588395+01:00,1
130,"{""example_source"": ""Kortmann/Szmrecsanyi (2004)""}",custom,130,Levelling of past tense/past participle verb forms: past tense replacing the past participle,He had went,,2013-11-14T10:27:53.578410+01:00,True,2013-11-14T10:27:53.578408+01:00,1
131,"{""example_source"": ""Kortmann/Szmrecsanyi (2004)""}",custom,131,Levelling of past tense/past participle verb forms: past participle replacing the past tense form,He gone to Mary.,,2013-11-14T10:27:53.578724+01:00,True,2013-11-14T10:27:53.578721+01:00,1
132,"{""example_source"": ""Kortmann/Szmrecsanyi (2004)""}",custom,132,Zero past tense forms of regular verbs,I walk  ‘I walked’ [but not That door bin close ‘The door closed’],,2013-11-14T10:27:53.579012+01:00,True,2013-11-14T10:27:53.579009+01:00,1
133,"{""example_source"": ""AbE (Malcolm 2008: 428)""}",custom,133,Double marking of past tense,camed; didnʼt stayed,,2013-11-14T10:27:53.579297+01:00,True,2013-11-14T10:27:53.579294+01:00,1
134,"{""example_source"": ""Kortmann/Szmrecsanyi (2004)""}",custom,134,A-prefixing on ing-forms,They wasnʼt a-doinʼ nothinʼ wrong.,,2013-11-14T10:27:53.579579+01:00,True,2013-11-14T10:27:53.579576+01:00,1
135,"{""example_source"": ""NfldE (Schneider 2008: 768)""}",custom,135,A-prefixing on elements other than ing-forms,a-back; acome,,2013-11-14T10:27:53.579857+01:00,True,2013-11-14T10:27:53.579854+01:00,1
136,"{""example_source"": ""O&SE (Kortmann 2008: 482)""}",custom,136,Special inflected forms of be,bees for present subjunctive,,2013-11-14T10:27:53.580135+01:00,True,2013-11-14T10:27:53.580132+01:00,1
137,"{""example_source"": ""Upton et al. (1994: 498)""}",custom,137,Special inflected forms of do,I junt ‘I don’t’,,2013-11-14T10:27:53.580414+01:00,True,2013-11-14T10:27:53.580411+01:00,1
138,"{""example_source"": ""Upton et al. (1994: 499)""}",custom,138,Special inflected forms of have,he amn’t ‘he hasn’t’,,2013-11-14T10:27:53.580693+01:00,True,2013-11-14T10:27:53.580690+01:00,1
139,"{""example_source"": ""Southeast (Kortmann 2008: 482); second one for have is constructed""}",custom,139,Distinctive forms for auxiliary vs. full verb meanings of primary verbs,"She done it, didnʼt she?; We has a muck round here [full verb] vs. We havenʼt been there since we got married[auxiliary]",,2013-11-14T10:27:53.580971+01:00,True,2013-11-14T10:27:53.580969+01:00,1
140,"{""example_source"": ""JamC (Patrick 2008: 624)""}",custom,140,Other forms/phrases for copula ʼbeʼ: before NPs,Ebry day da fishing day… ‘Every day is a day for fishing…’,,2013-11-14T10:27:53.581266+01:00,True,2013-11-14T10:27:53.581263+01:00,1
141,"{""example_source"": ""Sranan (Winford/Migge 2008: 702)""}",custom,141,Other forms/phrases for copula ʼbeʼ: before locatives,Den pikin ben de na skoro ‘The children were at school’,,2013-11-14T10:27:53.581617+01:00,True,2013-11-14T10:27:53.581614+01:00,1
142,"{""example_source"": ""HawC (Burridge 2008: 598)""}",custom,142,Other forms/phrases for copula ʼbeʼ: before AdjPs,Shi stei sik ‘She is sick’,,2013-11-14T10:27:53.581915+01:00,True,2013-11-14T10:27:53.581912+01:00,1
143,"{""example_source"": ""TorSC (Burridge 2008: 595)""}",custom,143,Transitive verb suffix -em/-im/-um,Mi bin bai-im kaikai ‘I bought-TR some food’,,2013-11-14T10:27:53.582200+01:00,True,2013-11-14T10:27:53.582198+01:00,1
144,"{""example_source"": ""Kortmann (2005: 263)""}",custom,144,Use of gotten and got with distinct meanings (dynamic vs. static),Theyʼve gotten a new car [‘have received’] vs. Theyʼve got a new car [‘possess’]; Theyʼve gotten interested [‘developed an interest’] vs. Theyʼve got interested [‘are interested’],,2013-11-14T10:27:53.582478+01:00,True,2013-11-14T10:27:53.582475+01:00,1
145,"{""example_source"": ""NigE (google; URL: http://www.naijahotjobs.com/archive-junks/6365-finbank-has-gotten-new-career-website.html, accessed 19 May 2011)""}",custom,145,Use of gotten instead of got,Finbank has gotten a new career website[‘possess’],,2013-11-14T10:27:53.582767+01:00,True,2013-11-14T10:27:53.582763+01:00,1
146,"{""example_source"": ""HKE (ICE-HK:W1B-010#230:4); Yorkshire (Upton et al. 1994: 490)""}",custom,146,Use of verbal suffix -ing with forms other than present participle/gerund,I can driving now; Thou wants thy tow [‘hair’] cutting,,2013-11-14T10:27:53.583053+01:00,True,2013-11-14T10:27:53.583050+01:00,1
147,"{""example_source"": ""constructed (KL)""}",custom,147,Was for conditional were,If I was you,,2013-11-14T10:27:53.583334+01:00,True,2013-11-14T10:27:53.583331+01:00,1
148,"{""example_source"": ""Kortmann/Szmrecsanyi (2004)""}",custom,148,"Serial verbs: give = ʼto, forʼ",Karibuk giv mi [lit.: carry-book give me] ‘Give the book to me’,,2013-11-14T10:27:53.583615+01:00,True,2013-11-14T10:27:53.583612+01:00,1
149,"{""example_source"": ""JamC (Patrick 2007: 141)""}",custom,149,Serial verbs: go = ʼmovement away fromʼ,Yu a tek di bos go Kingstan? [lit.: you PROG take the bus go Kingston] ‘Are you taking the bus to Kingston?’,,2013-11-14T10:27:53.583899+01:00,True,2013-11-14T10:27:53.583896+01:00,1
150,"{""example_source"": ""Krio (Yillah/Corcoran 2007: 189)""}",custom,150,Serial verbs: come = ʼmovement towardsʼ,Den bring den kam [lit.: them bring them come] ‘They brought them back’,,2013-11-14T10:27:53.584182+01:00,True,2013-11-14T10:27:53.584179+01:00,1
151,"{""example_source"": ""JamC (Patrick 2007: 141)""}",custom,151,Serial verbs: constructions with 3 verbs,Im wan mi fi go kya im kom [lit.: him want me for go carry him come] ‘He wants me to bring him’,,2013-11-14T10:27:53.584466+01:00,True,2013-11-14T10:27:53.584463+01:00,1
152,"{""example_source"": ""Krio (Yillah/Corcoran 2007: 189)""}",custom,152,Serial verbs: constructions with 4 or more verbs,Agnes ron komot go lef in mama na makit [lit.: Agnes run come-out go leave POSS mama LOC market] ʼAgnes rushed out to drop her mother off at the marketʼ,,2013-11-14T10:27:53.584749+01:00,True,2013-11-14T10:27:53.584747+01:00,1
153,"{""example_source"": ""SgE (Mesthrie/Bhatt 2008: 85)""}",custom,153,Give passive: NP1 (patient) + give + NP2 (agent) + V,John give his boss scold ‘John was scolded by his boss’ (implying that John gave his boss reason to scold him),,2013-11-14T10:27:53.585033+01:00,True,2013-11-14T10:27:53.585030+01:00,1
154,"{""example_source"": ""Kortmann/Szmrecsanyi (2004)""}",custom,154,Multiple negation / negative concord,He wonʼt do no harm.,,2013-11-14T10:27:53.585326+01:00,True,2013-11-14T10:27:53.585324+01:00,1
155,"{""example_source"": ""Kortmann/Szmrecsanyi (2004)""}",custom,155,Ain’t as the negated form of be,"Theyʼre all in there, ainʼt they?",,2013-11-14T10:27:53.585607+01:00,True,2013-11-14T10:27:53.585605+01:00,1
156,"{""example_source"": ""Kortmann/Szmrecsanyi (2004)""}",custom,156,Ainʼt as the negated form of have,I ainʼt had a look at them yet.,,2013-11-14T10:27:53.585890+01:00,True,2013-11-14T10:27:53.585887+01:00,1
157,"{""example_source"": ""Kortmann/Szmrecsanyi (2004)""}",custom,157,Ainʼt as generic negator before a main verb,Something I ainʼt know about,,2013-11-14T10:27:53.586171+01:00,True,2013-11-14T10:27:53.586169+01:00,1
158,"{""example_source"": ""Kortmann/Szmrecsanyi (2004)""}",custom,158,Invariant don’t for all persons in the present tense,He donʼt like me.,,2013-11-14T10:27:53.586453+01:00,True,2013-11-14T10:27:53.586450+01:00,1
159,"{""example_source"": ""Kortmann/Szmrecsanyi (2004)""}",custom,159,Never as preverbal past tense negator,He never came ‘He didnʼt come’,,2013-11-14T10:27:53.586733+01:00,True,2013-11-14T10:27:53.586730+01:00,1
160,"{""example_source"": ""Kortmann/Szmrecsanyi (2004)""}",custom,160,No as preverbal negator,Me no iit brekfus,,2013-11-14T10:27:53.587012+01:00,True,2013-11-14T10:27:53.587009+01:00,1
161,"{""example_source"": ""AbE (Burridge 2008: 590)""}",custom,161,Not as a preverbal negator,Nail not float,,2013-11-14T10:27:53.587288+01:00,True,2013-11-14T10:27:53.587285+01:00,1
162,"{""example_source"": ""HawC (Burridge 2008: 597)""}",custom,162,No more/nomo as negative existential marker,Nomo nating insai dea ‘There isnʼt anything in there’,,2013-11-14T10:27:53.587565+01:00,True,2013-11-14T10:27:53.587562+01:00,1
163,"{""example_source"": ""Kortmann/Szmrecsanyi (2004)""}",custom,163,Was – weren’t split,"The boys was interested, but Mary werenʼt.",,2013-11-14T10:27:53.587843+01:00,True,2013-11-14T10:27:53.587840+01:00,1
164,"{""example_source"": ""Kortmann (2008: 484)""}",custom,164,Amnʼt in tag questions,"Iʼm here, amnʼt I?",,2013-11-14T10:27:53.588121+01:00,True,2013-11-14T10:27:53.588118+01:00,1
166,"{""example_source"": ""SgE (Wee 2008: 599); SgE (Mesthrie/Bhatt 2008: 86)""}",custom,166,Invariant tag can or not?,"I want to go home, can or not? ‘Can I go home?’; Answer the question, can or not? ‘Do you know the answer to the question?’",,2013-11-14T10:27:53.588679+01:00,True,2013-11-14T10:27:53.588676+01:00,1
167,"{""example_source"": ""(Mesthrie/Bhatt 2008: 86)""}",custom,167,Fronted invariant tag,"Isn’t, I can colour this red? ‘I can colour this red, can’t I?’",,2013-11-14T10:27:53.589001+01:00,True,2013-11-14T10:27:53.588998+01:00,1
168,"{""example_source"": ""Norfuk (M\u00fchlh\u00e4usler 2008: 574)""}",custom,168,Special negative verbs in imperatives,Du miek agli ‘donʼt pull a face’,,2013-11-14T10:27:53.589322+01:00,True,2013-11-14T10:27:53.589319+01:00,1
169,"{""example_source"": ""BlSAfE (Mesthrie 2008a: 492); EAfE and WAfE (Mesthrie/Bhatt 2008: 87f.)""}",custom,169,Non-standard system underlying responses to negative yes/no questions,"Isnʼt he arriving tomorrow? - Yes [= ‘No, he isnʼt’]/No [= ‘Yes, he is’]",,2013-11-14T10:27:53.589601+01:00,True,2013-11-14T10:27:53.589598+01:00,1
170,"{""example_source"": ""Kortmann/Szmrecsanyi (2004)""}",custom,170,Invariant present tense forms due to zero marking for the third person singular,So she show up and say “Whatʼs up?”,,2013-11-14T10:27:53.589883+01:00,True,2013-11-14T10:27:53.589881+01:00,1
171,"{""example_source"": ""Kortmann/Szmrecsanyi (2004)""}",custom,171,Invariant present tense forms due to generalization of 3rd person –s to all persons,I sees the house.,,2013-11-14T10:27:53.590161+01:00,True,2013-11-14T10:27:53.590158+01:00,1
172,"{""example_source"": ""Kortmann/Szmrecsanyi (2004)""}",custom,172,Existential / presentational there’s/there is/there was with plural subjects,Thereʼs two men waiting in the hall.,,2013-11-14T10:27:53.590442+01:00,True,2013-11-14T10:27:53.590439+01:00,1
173,"{""example_source"": ""AppE (Montgomery 2008: 278); SEAmE (Wolfram 2008a: 484); BelC (Escure 2008: 758)""}",custom,173,Variant forms of dummy subject there in existential clauses,They is something bad wrong with her; Itʼs a new person here ‘Thereʼs a new person here’; Ø ga li aystaz we grow pan dem [lit.: got little oysters REL grow on them] ‘There are small oysters growing (on the mangrove trees)’,,2013-11-14T10:27:53.590719+01:00,True,2013-11-14T10:27:53.590716+01:00,1
174,"{""example_source"": ""HKE (ICE-HK:S1A-030#X132:1:Z)""}",custom,174,Deletion of auxiliary be: before progressive,So you Ø always thinking about where where you go to work.,,2013-11-14T10:27:53.591003+01:00,True,2013-11-14T10:27:53.591000+01:00,1
176,"{""example_source"": ""constructed""}",custom,176,Deletion of copula be: before NPs,He Ø a good teacher.,,2013-11-14T10:27:53.591557+01:00,True,2013-11-14T10:27:53.591554+01:00,1
177,"{""example_source"": ""Kortmann/Szmrecsanyi (2004)""}",custom,177,Deletion of copula be: before AdjPs,She Ø smart.,,2013-11-14T10:27:53.591877+01:00,True,2013-11-14T10:27:53.591874+01:00,1
178,"{""example_source"": ""constructed""}",custom,178,Deletion of copula be: before locatives,She Ø at home.,,2013-11-14T10:27:53.592161+01:00,True,2013-11-14T10:27:53.592158+01:00,1
179,"{""example_source"": ""Kortmann/Szmrecsanyi (2004)""}",custom,179,Deletion of auxiliary have,I Ø eaten my lunch.,,2013-11-14T10:27:53.592445+01:00,True,2013-11-14T10:27:53.592442+01:00,1
180,"{""example_source"": ""Kortmann/Szmrecsanyi (2004)""}",custom,180,Was/were generalization,You were hungry but he were thirsty; or: You was hungry but he was thirsty,,2013-11-14T10:27:53.592726+01:00,True,2013-11-14T10:27:53.592723+01:00,1
181,"{""example_source"": ""Kortmann/Szmrecsanyi (2004)""}",custom,181,Agreement sensitive to subject type,birds sings vs. they sing,,2013-11-14T10:27:53.593004+01:00,True,2013-11-14T10:27:53.593002+01:00,1
182,"{""example_source"": ""Kortmann/Szmrecsanyi (2004)""}",custom,182,Agreement sensitive to position of subject,I sing and dances,,2013-11-14T10:27:53.593293+01:00,True,2013-11-14T10:27:53.593290+01:00,1
183,"{""example_source"": ""Kortmann/Szmrecsanyi (2004)""}",custom,183,Northern Subject Rule,I sing [vs. *I sings]; birds sings; I sing and dances,,2013-11-14T10:27:53.593574+01:00,True,2013-11-14T10:27:53.593571+01:00,1
184,"{""example_source"": ""EA (Kortmann 2008: 482); AbE (Burridge 2008: 589)""}",custom,184,Invariant be with non-habitual function,Here I be (presentational); I be cold (copula),,2013-11-14T10:27:53.593851+01:00,True,2013-11-14T10:27:53.593848+01:00,1
185,"{""example_source"": ""Kortmann/Szmrecsanyi (2004)""}",custom,185,Relativizer that or what  in non-restrictive contexts,"My daughter, that/what lives in London,…",,2013-11-14T10:27:53.594129+01:00,True,2013-11-14T10:27:53.594127+01:00,1
186,"{""example_source"": ""Kortmann/Szmrecsanyi (2004)""}",custom,186,Which for ‘who’,"my brother, which...",,2013-11-14T10:27:53.594408+01:00,True,2013-11-14T10:27:53.594405+01:00,1
187,"{""example_source"": ""Kortmann/Szmrecsanyi (2004)""}",custom,187,Relativizer as,He was a chap as got a living anyhow,,2013-11-14T10:27:53.594688+01:00,True,2013-11-14T10:27:53.594685+01:00,1
188,"{""example_source"": ""Kent (Upton et al. 1994: ?)""}",custom,188,Relativizer at,This is the man at painted my house,,2013-11-14T10:27:53.594965+01:00,True,2013-11-14T10:27:53.594962+01:00,1
189,"{""example_source"": ""EAAVE (Kautzsch 2008: 543)""}",custom,189,Relativizer where or a form derived from where,My father was one of the founders oʼ de Underground Railroad where help de slaves to run way to de North,,2013-11-14T10:27:53.595256+01:00,True,2013-11-14T10:27:53.595253+01:00,1
190,"{""example_source"": ""Kortmann/Szmrecsanyi (2004); Krio (Yillah/Corcoran 2007:185)""}",custom,190,Relativizer what or a form derived from what,This is the man what painted my house; Di man wo tif di granat don go ‘The man who stole the peanuts has gone’,,2013-11-14T10:27:53.595536+01:00,True,2013-11-14T10:27:53.595534+01:00,1
191,"{""example_source"": ""EAAVE (Schneider 2008: 770)""}",custom,191,Relativizer doubling,"But these, these little fellahs that which had stayed befoʼ God prayinʼ…",,2013-11-14T10:27:53.595821+01:00,True,2013-11-14T10:27:53.595818+01:00,1
192,"{""example_source"": ""Kortmann/Szmrecsanyi (2004)""}",custom,192,"Use of analytic or cliticized that his/that’s, what his/what’s, at’s, who his instead of whose",the man whatʼs wife has died,,2013-11-14T10:27:53.596101+01:00,True,2013-11-14T10:27:53.596099+01:00,1
193,"{""example_source"": ""Kortmann/Szmrecsanyi (2004)""}",custom,193,Gapping/zero-relativization in subject position,The man Ø lives there is a nice chap.,,2013-11-14T10:27:53.596377+01:00,True,2013-11-14T10:27:53.596375+01:00,1
194,"{""example_source"": ""Kortmann/Szmrecsanyi (2004)""}",custom,194,Resumptive/shadow pronouns,This is the house which I painted it yesterday.,,2013-11-14T10:27:53.596651+01:00,True,2013-11-14T10:27:53.596648+01:00,1
195,"{""example_source"": ""Burridge (2008: 597)""}",custom,195,Postposed one as sole relativizer,That boy pinch my sister one very naughty ‘That boy who pinched my sister is very naughty’,,2013-11-14T10:27:53.596928+01:00,True,2013-11-14T10:27:53.596925+01:00,1
196,"{""example_source"": ""(Mesthrie/Bhatt 2008:83)""}",custom,196,Correlative constructions,"Which-one I put in the jar, that-one is good ‘The ones [pickles] I put in the jar are best’",,2013-11-14T10:27:53.597229+01:00,True,2013-11-14T10:27:53.597226+01:00,1
197,"{""example_source"": ""AusE (Burridge 2008: 592)""}",custom,197,“Linking relative clauses”,…unless you are going to get 88 which some universities are not going to give those marks,,2013-11-14T10:27:53.597507+01:00,True,2013-11-14T10:27:53.597504+01:00,1
198,"{""example_source"": ""AfE (Mesthrie 2008c: 629)""}",custom,198,Deletion of stranded prepositions in relative clauses (“preposition chopping”),…like a big yard that you do gardening anʼall [in deleted],,2013-11-14T10:27:53.597783+01:00,True,2013-11-14T10:27:53.597780+01:00,1
199,"{""example_source"": ""South Asian E (Mesthrie 2008c: 629)""}",custom,199,Reduced relative phrases preceding head-noun,That Neelaʼs-knitted jersey is gone white ‘That jersey which Neela knitted/knitted by Neela has gone white’,,2013-11-14T10:27:53.598061+01:00,True,2013-11-14T10:27:53.598058+01:00,1
200,"{""example_source"": ""Gullah (Mufwene 2008: 566)""}",custom,200,Say-based complementizers,We hear say you gone to da city ‘We heard that you [were] gone to the city’,,2013-11-14T10:27:53.598337+01:00,True,2013-11-14T10:27:53.598334+01:00,1
201,"{""example_source"": ""JamC (Patrick 2008: 627)""}",custom,201,For-based complementizers,I hard fi kraas di riba ‘It’s hard to cross the river’,,2013-11-14T10:27:53.598650+01:00,True,2013-11-14T10:27:53.598647+01:00,1
202,"{""example_source"": ""Kortmann/Szmrecsanyi (2004)""}",custom,202,Unsplit for to in infinitival purpose clauses,We always had gutters in the winter time for to drain the water away.,,2013-11-14T10:27:53.598926+01:00,True,2013-11-14T10:27:53.598923+01:00,1
203,"{""example_source"": ""ScE (Miller 2008: 318)""}",custom,203,For (to) as infinitive marker,You werenae allowed at this time for to go and take another job on.,,2013-11-14T10:27:53.599201+01:00,True,2013-11-14T10:27:53.599199+01:00,1
204,"{""example_source"": ""Kortmann/Szmrecsanyi (2004)""}",custom,204,As what / than what in comparative clauses,Itʼs harder than what you think it is.,,2013-11-14T10:27:53.599478+01:00,True,2013-11-14T10:27:53.599475+01:00,1
205,"{""example_source"": ""AbE (Burridge 2008: 589); Trin/TobC (James/Youssef 2008: 681)""}",custom,205,Existentials with forms of get,E got some sand there ‘There is some sand’; Ova hyee get tumoch bush ‘Thereʼs too much bush over here’,,2013-11-14T10:27:53.599755+01:00,True,2013-11-14T10:27:53.599753+01:00,1
206,"{""example_source"": ""Ndyuka (Huttar 2007: 229)""}",custom,206,Existentials with forms of have,Ma yu abi son mma tu di man dede kaba [lit.: But you have some woman REL the man die PRF] ‘But there are some women whose husbands have already died’,,2013-11-14T10:27:53.600038+01:00,True,2013-11-14T10:27:53.600035+01:00,1
207,"{""example_source"": ""IndE, PakE (Mesthrie 2008c: 629)""}",custom,207,Substitution of that-clause for infinitival subclause,I wanted that I should get leave .,,2013-11-14T10:27:53.600317+01:00,True,2013-11-14T10:27:53.600314+01:00,1
208,"{""example_source"": ""NigE, EAfE (Mesthrie 2008c: 629)""}",custom,208,Deletion of to before infinitives,Allow him Ø go.,,2013-11-14T10:27:53.600596+01:00,True,2013-11-14T10:27:53.600594+01:00,1
209,"{""example_source"": ""BlSAfE (Mesthrie/Bhatt 2008: 91)""}",custom,209,Addition of to where StE has bare infinitive,He made me to do it.,,2013-11-14T10:27:53.600873+01:00,True,2013-11-14T10:27:53.600870+01:00,1
210,"{""example_source"": ""JamC (Patrick 2008: 627) (modified)""}",custom,210,Non-finite clause complements with bare root form rather than -ing form,Him start tell di cousins all sort a someting ‘He started telling the cousins all kinds of things’,,2013-11-14T10:27:53.601170+01:00,True,2013-11-14T10:27:53.601167+01:00,1
211,"{""example_source"": ""ScE (Kortmann 2008: 486)""}",custom,211,Clause-final but = ʼthoughʼ,Well I warnt so very cold but.,,2013-11-14T10:27:53.601456+01:00,True,2013-11-14T10:27:53.601453+01:00,1
212,"{""example_source"": ""InSAfE (Mesthrie 2008c: 633, Mesthrie/Bhatt 2008: 75)""}",custom,212,Clause-final but = ʼreallyʼ,"I fright for dogs, but eh! ‘Iʼm really afraid of dogs’",,2013-11-14T10:27:53.601758+01:00,True,2013-11-14T10:27:53.601755+01:00,1
213,"{""example_source"": ""AbE (Burridge 2008:  591); SgE  (Mesthrie/Bhatt 2008: 74)""}",custom,213,No subordination; chaining construction linking two main verbs (motion and activity),"I bin go dere work; Stay longer, they have to over-charge ‘If you stay longer, they have to charge more’",,2013-11-14T10:27:53.602035+01:00,True,2013-11-14T10:27:53.602032+01:00,1
214,"{""example_source"": ""NigE (Alo/Mesthrie 2008: 330)""}",custom,214,Conjunction doubling: clause + conj. + conj. + clause,"He has been in this school for five years, still yet he is not tired",,2013-11-14T10:27:53.602315+01:00,True,2013-11-14T10:27:53.602313+01:00,1
215,"{""example_source"": ""BlSAfE, InSAfE, NigE (Mesthrie 2008c: 633); IndSAfE (Mesthrie/Bhatt 2008: 74)""}",custom,215,Conjunction doubling: correlative conj.s,"Although you are smart, but you are not appreciated; So when I was a baby, so my father-an’-them shifted to Sezela",,2013-11-14T10:27:53.602591+01:00,True,2013-11-14T10:27:53.602589+01:00,1
216,"{""example_source"": ""Southland NZE (Burridge 2008: 590); StHE, InSAfE (Mesthrie 2008c: 633); Hickey (2004: 608)""}",custom,216,Omission of StE prepositions,He came out Ø hospital; She went Ø town;  We’re going there Ø Tuesday,,2013-11-14T10:27:53.602872+01:00,True,2013-11-14T10:27:53.602869+01:00,1
217,"{""example_source"": ""Navajo E (Mesthrie/Bhatt 2008: 73); basilectal IndSAfE (Mesthrie/Bhatt 2008: 71)""}",custom,217,Use of postpositions,"e.g. the chalkboard under; night time ‘at night’, Telugu way ‘in Telugu’, morning  part ‘in the morning’",,2013-11-14T10:27:53.603150+01:00,True,2013-11-14T10:27:53.603147+01:00,1
218,"{""example_source"": ""(Trudgill et al. 1991: 277); AppE (Montgomery 2008: 455)""}",custom,218,Affirmative anymore ‘nowadays’,That’s the trouble with airplanes any more; Anymore they have a hard time protecting things like that,,2013-11-14T10:27:53.603431+01:00,True,2013-11-14T10:27:53.603429+01:00,1
219,"{""example_source"": ""AbE (Burridge 2008: 590)""}",custom,219,Adverb-forming suffixes –way and –time,"long-way, quick-way; dark-time, late-time",,2013-11-14T10:27:53.603711+01:00,True,2013-11-14T10:27:53.603709+01:00,1
220,"{""example_source"": ""Kortmann/Szmrecsanyi (2004)""}",custom,220,Degree modifier adverbs have the same form as adjectives,Thatʼs real good,,2013-11-14T10:27:53.603987+01:00,True,2013-11-14T10:27:53.603985+01:00,1
221,"{""example_source"": ""Kortmann/Szmrecsanyi (2004)""}",custom,221,Other adverbs have the same form as adjectives,Come quick!,,2013-11-14T10:27:53.604262+01:00,True,2013-11-14T10:27:53.604259+01:00,1
222,"{""example_source"": ""BlSAfE (Mesthrie 2008a: 497); West African Pidgin (Peter/Wolf 2007: 13);""}",custom,222,Too; too much; very much ‘very’ as qualifier,It is too difficult ‘…very difficult’;  i sofa tuu motch ‘(s)he was suffering very much’,,2013-11-14T10:27:53.604540+01:00,True,2013-11-14T10:27:53.604537+01:00,1
223,"{""example_source"": ""IrE (Kortmann 2008: 490); San Juan Tewa E (Mesthrie/Bhatt 2008: 82)""}",custom,223,Other options for clefting than StE,It’s looking for more land a lot of them are; They ride bikes is what I see them do,,2013-11-14T10:27:53.604823+01:00,True,2013-11-14T10:27:53.604820+01:00,1
224,"{""example_source"": ""SgE (Mesthrie/Bhatt 2008: 82)""}",custom,224,Other possibilities for fronting than StE,To my sister sometime I speak English.,,2013-11-14T10:27:53.605103+01:00,True,2013-11-14T10:27:53.605100+01:00,1
225,"{""example_source"": ""Sranan (Winford/Migge 2008: 705); Krio, (Yillah/Corcoran 2007:188)""}",custom,225,Sentence-initial focus marker,"A wan piki pikin boi e moksi smenti drape ‘It’s a little boy that mixes cement there’; Na mí was di kalbas ‘Me, I’m the one that washed the calabash’",,2013-11-14T10:27:53.605395+01:00,True,2013-11-14T10:27:53.605392+01:00,1
226,"{""example_source"": ""Schneider (2008: 775); AppE (Montgomery 2008: 259)""}",custom,226,“Negative inversion”,"Didnʼt nobody show up ‘Nobody showed up’; Thereʼs an old house up here, but donʼt nobody live in it ‘…nobody lives in it’",,2013-11-14T10:27:53.605680+01:00,True,2013-11-14T10:27:53.605677+01:00,1
227,"{""example_source"": ""Kortmann/Szmrecsanyi (2004)""}",custom,227,Inverted word order in indirect questions,Iʼm wondering what are you gonna do.,,2013-11-14T10:27:53.605963+01:00,True,2013-11-14T10:27:53.605961+01:00,1
228,"{""example_source"": ""Kortmann/Szmrecsanyi (2004); Mesthrie (2008c: 630)""}",custom,228,No inversion/no auxiliaries in wh-questions,What you doing? What he wants?,,2013-11-14T10:27:53.606242+01:00,True,2013-11-14T10:27:53.606240+01:00,1
229,"{""example_source"": ""IndSAfE (Mesthrie/Bhatt 2008: 80)""}",custom,229,No inversion/no auxiliaries in main clause yes/no questions,You get the point? You liked India?,,2013-11-14T10:27:53.606521+01:00,True,2013-11-14T10:27:53.606518+01:00,1
230,"{""example_source"": ""Mesthrie (2008c: 630)""}",custom,230,Doubly filled COMP-position with wh-words,What who has eaten? ‘Who ate what?’,,2013-11-14T10:27:53.606807+01:00,True,2013-11-14T10:27:53.606804+01:00,1
231,"{""example_source"": ""Mesthrie/Bhatt (2008: 85)""}",custom,231,Superlative marker most occurring before head noun,The most thing I like is apples ‘The thing I like most is apples’,,2013-11-14T10:27:53.607092+01:00,True,2013-11-14T10:27:53.607090+01:00,1
232,"{""example_source"": ""Kortmann (2008: 489)""}",custom,232,Either order of objects in double object constructions (if both objects are pronominal),He couldn’t give him it; I tan [‘took’] it her back,,2013-11-14T10:27:53.607375+01:00,True,2013-11-14T10:27:53.607372+01:00,1
233,"{""example_source"": ""Kortmann (2008: 489)""}",custom,233,Presence of subject in imperatives,Go you there!,,2013-11-14T10:27:53.607698+01:00,True,2013-11-14T10:27:53.607695+01:00,1
234,"{""example_source"": ""Kortmann/Szmrecsanyi (2004)""}",custom,234,Like as a focussing device,"How did you get away with that like? Like for one found five quid, that was like three quid, like two-fifty each.",,2013-11-14T10:27:53.607982+01:00,True,2013-11-14T10:27:53.607979+01:00,1
235,"{""example_source"": ""Kortmann/Szmrecsanyi (2004)""}",custom,235,Like as a quotative particle,And she was like “What do you mean?”,,2013-11-14T10:27:53.608268+01:00,True,2013-11-14T10:27:53.608265+01:00,1
