{"dc:identifier": "51063fb35c12", "url": "wavecontribution.csv-metadata.json", "dc:license": {"schema:name": "http://creativecommons.org/licenses/by/3.0/"}, "dc:publisher": {"schema:name": "Max Planck Institute for Evolutionary Anthropology", "schema:url": {"@id": "http://www.eva.mpg.de"}}, "@context": ["http://www.w3.org/ns/csvw", {"@language": "en"}], "tableSchema": {"primaryKey": "pk", "columns": [{"datatype": {"@id": "http://www.w3.org/2001/XMLSchema#int"}, "name": "pk"}, {"datatype": {"@id": "http://www.w3.org/2001/XMLSchema#int"}, "name": "variety_pk"}], "foreignKeys": [{"columnReference": "pk", "reference": {"columnReference": "pk", "resource": "contribution"}}, {"columnReference": "variety_pk", "reference": {"columnReference": "pk", "resource": "variety"}}]}}