pk,created,updated,active,jsondata,polymorphic_type,id,name,description,markup_description,url,email,address,version
1,2013-11-14T10:27:53.409818+01:00,2013-11-14T10:27:53.409832+01:00,True,,base,ed1,Bernd Kortmann,,,,,,1
2,2013-11-14T10:27:53.411918+01:00,2013-11-14T10:27:53.411934+01:00,True,,base,ed2,Kerstin Lunkenheimer,,,,,,1
3,2013-11-14T10:27:53.412715+01:00,2013-11-14T10:27:53.412722+01:00,True,,base,1,Gunnel Melchers,,,http://www.english.su.se/pub/jsp/polopoly.jsp?d=4413&a=18176,gunnel.melchers@english.su.se,"Department of English
Stockholm University
S-106 91 Stockholm
Sweden",1
4,2013-11-14T10:27:53.413187+01:00,2013-11-14T10:27:53.413193+01:00,True,,base,2,Jennifer Smith,,,http://www.gla.ac.uk/departments/englishlanguage/staff/jennifersmith/,jennifer.smith@glasgow.ac.uk,"School of English & Scottish Language & Literature
University of Glasgow
12 University Gardens
Glasgow G12 8QQ
United Kingdom",1
5,2013-11-14T10:27:53.413657+01:00,2013-11-14T10:27:53.413664+01:00,True,,base,3,Markku Filppula,,,http://www.uef.fi/globe/markku-filppula,markku.filppula@uef.fi,"Foreign Languages and Translation Studies
School of Humanities
University of Eastern Finland, Joensuu Campus
P.O. Box 111
FI-80101 Joensuu
Finland",1
6,2013-11-14T10:27:53.414102+01:00,2013-11-14T10:27:53.414108+01:00,True,,base,4,Jennifer Kewley Draskau,,,http://www.liv.ac.uk/manxstudies/people/kewley_draskau/,J.Kewley-draskau@liv.ac.uk,"Centre for Manx Studies,
University of Liverpool,
Old Castletown Road, 
Douglas,
Isle of Man, IM2 1QB",1
7,2013-11-14T10:27:53.414543+01:00,2013-11-14T10:27:53.414549+01:00,True,,base,5,Robert Penhallurick,,,http://www.swansea.ac.uk/staff/academic/artshumanities/penhallurickr/,R.J.Penhallurick@swansea.ac.uk,"College of Arts and Humanities
Swansea University
Singleton Park
Swansea SA2 8PP
United Kingdom",1
8,2013-11-14T10:27:53.414972+01:00,2013-11-14T10:27:53.414977+01:00,True,,base,6,Graeme Trousdale,,,http://www.lel.ed.ac.uk/aboutus/people/graeme/,Graeme.Trousdale@ed.ac.uk,"Linguistics and English Language
University of Edinburgh
Dugald Stewart Building
3 Charles Street
Edinburgh EH8 9AD
United Kingdom",1
9,2013-11-14T10:27:53.415629+01:00,2013-11-14T10:27:53.415641+01:00,True,,base,7,Susanne Wagner,,,http://www.english.ox.ac.uk/about-faculty/faculty-members/permanent-post-holders/wagner-pd-dr-susanne,susanne.wagner@ell.ox.ac.uk,"University of Oxford
Faculty of English Language and Literature
St Cross Building, Manor Road
Oxford
OX1 3UL
United Kingdom
",1
10,2013-11-14T10:27:53.416541+01:00,2013-11-14T10:27:53.416556+01:00,True,,base,8,Peter Trudgill,,,http://lettres.unifr.ch/fr/langues-litteratures/anglais/staff/prof-trudgill.html,peter.trudgill@unifr.ch,"Université de Fribourg
Langue et Littératures
Anglais
Av. de l'Europe 20
CH - 1700 Fribourg
Switzerland",1
11,2013-11-14T10:27:53.417616+01:00,2013-11-14T10:27:53.417625+01:00,True,,base,9,Lieselotte Anderwald,,,http://www.anglistik.uni-kiel.de/index.php/prof-dr-l-anderwald.html,anderwald@anglistik.uni-kiel.de,"Englisches Seminar
Christan-Albrechts-Universität zu Kiel
Olshausenstr. 40
D-24098 Kiel
Germany",1
12,2013-11-14T10:27:53.418121+01:00,2013-11-14T10:27:53.418126+01:00,True,,base,10,Anna Rosen,,,,anna.rosen@anglistik.uni-freiburg.de,"Englisches Seminar
Albert-Ludwigs-Universität Freiburg
Rempartstr. 15
D-79085 Freiburg
Germany
",1
13,2013-11-14T10:27:53.418912+01:00,2013-11-14T10:27:53.418919+01:00,True,,base,11,Mark Sebba,,,http://www.ling.lancs.ac.uk/profiles/Mark-Sebba,m.sebba@lancaster.ac.uk,"Department of Linguistics and English Language
County South
Lancaster University
Lancaster LA1 4YL
United Kingdom",1
14,2013-11-14T10:27:53.419341+01:00,2013-11-14T10:27:53.419346+01:00,True,,base,12,Lisa Bonnici,,,,lmbonnici@ucdavis.edu,,1
15,2013-11-14T10:27:53.419799+01:00,2013-11-14T10:27:53.419806+01:00,True,,base,13,Michaela Hilbert,,,http://www.uni-bamberg.de/?id=41836,michaela.hilbert@uni-bamberg.de,"Institut für Anglistik und Amerikanistik
University of Bamberg
An der Universität 9
D-96045 Bamberg
Germany",1
16,2013-11-14T10:27:53.420392+01:00,2013-11-14T10:27:53.420398+01:00,True,,base,14,Manfred Krug,,,http://www.uni-bamberg.de/eng-ling/personen/krug/,manfred.krug@uni-bamberg.de,"Institut für Anglistik und Amerikanistik Otto-Friedrich-Universität Bamberg
An der Universität 9
D-96045 Bamberg
Germany",1
17,2013-11-14T10:27:53.420803+01:00,2013-11-14T10:27:53.420808+01:00,True,,base,15,Sandra Clarke,,,http://www.mun.ca/linguistics/people/faculty/clarke.php,clarkes@mun.ca,"Department of Linguistics
SN3050B
Memorial University of Newfoundland
St. John's, Newfoundland, 
Canada A1B 3X9",1
18,2013-11-14T10:27:53.421209+01:00,2013-11-14T10:27:53.421214+01:00,True,,base,16,Beth Lee Simon,,,http://users.ipfw.edu/simon/,simon@ipfw.edu,"Department of English and Linguistics
Indiana University Purdue University
Fort Wayne, IN 46805-1499
USA",1
19,2013-11-14T10:27:53.421603+01:00,2013-11-14T10:27:53.421608+01:00,True,,base,17,Walt Wolfram,,,http://ncsu.edu/linguistics/wolfram.php,walt_wolfram@ncsu.edu,"NCSU Linguistics Program
North Carolina State University
Tompkins Hall
Campus Box 8105
Raleigh, NC 27695-8105
USA",1
20,2013-11-14T10:27:53.421992+01:00,2013-11-14T10:27:53.421997+01:00,True,,base,18,Alexander Kautzsch,,,http://www.uni-regensburg.de/language-literature-culture/english-linguistics/staff/kautzsch/index.html,alexander.kautzsch@sprachlit.uni-regensburg.de,"Department of English and American Studies
University of Regensburg
D-93040 Regensburg
Germany",1
21,2013-11-14T10:27:53.422379+01:00,2013-11-14T10:27:53.422384+01:00,True,,base,19,Michael Ellis,,,http://english.missouristate.edu/MichaelEllis.aspx,MichaelEllis@MissouriState.edu,"English Department
Missouri State University
901 S National Ave
Springfield, MO 65897
USA",1
22,2013-11-14T10:27:53.422772+01:00,2013-11-14T10:27:53.422777+01:00,True,,base,20,Michael Montgomery,,,http://www.cas.sc.edu/engl/dictionary/,ullans@yahoo.com,"Department of English
University of South Carolina
Humanities Office Building
Columbia, SC 29208
USA",1
23,2013-11-14T10:27:53.423174+01:00,2013-11-14T10:27:53.423178+01:00,True,,base,21,Salikoko Mufwene,,,http://humanities.uchicago.edu/faculty/mufwene/,s-mufwene@uchicago.edu,"Department of Linguistics
University of Chicago
1010 E 59th Street
Chicago, IL 60637
USA",1
24,2013-11-14T10:27:53.423569+01:00,2013-11-14T10:27:53.423574+01:00,True,,base,22,Robert Bayley,,,http://linguistics.ucdavis.edu/People/rjbayley,rjbayley@ucdavis.edu,"Department of Linguistics
175 Kerr Hall
University of California
One Shields Avenue
Davis, CA 95616
USA",1
25,2013-11-14T10:27:53.423970+01:00,2013-11-14T10:27:53.423974+01:00,True,,base,23,Jeffrey Reaser,,,http://www.ncsu.edu/linguistics/reaser.php,jlreaser@ncsu.edu,"Department of English
North Carolina State University
221 Tompkins Hall, Campus Box 8105
Raleigh, NC 27695-8105
USA",1
26,2013-11-14T10:27:53.424356+01:00,2013-11-14T10:27:53.424360+01:00,True,,base,24,Benjamin Torbert,,,http://www.umsl.edu/~umslenglish/Faculty/torbert.html,torbertb@umsl.edu,"Department of English
University of Missouri - St. Louis
484 Lucas Hall
One University Blvd.
St. Louis, MO 63121-4400
USA",1
27,2013-11-14T10:27:53.424741+01:00,2013-11-14T10:27:53.424747+01:00,True,,base,25,Stephanie Hackert,,,http://www.anglistik.uni-muenchen.de/personen/professoren/hackert/index.html,Stephanie.Hackert@anglistik.uni-muenchen.de,"Institut für Englische Philologie
University of Munich
Schellingstr. 3 RG
D-80799 München
Germany",1
28,2013-11-14T10:27:53.425156+01:00,2013-11-14T10:27:53.425162+01:00,True,,base,26,Korah Belgrave,,,http://www.cavehill.uwi.edu/fhe/LLL/staff/linguistics-staff/korah-belgrave.aspx,korah.belgrave@cavehill.uwi.edu,"Department of Language, Linguistics and Literature
The University of the West Indies
Cave Hill Campus
P.O.Box 64 Bridgetown
Barbados",1
29,2013-11-14T10:27:53.425623+01:00,2013-11-14T10:27:53.425628+01:00,True,,base,27,Stacy Denny,,,http://www.cavehill.uwi.edu/fhe/LLL/staff/linguistics-staff/stacy-denny.aspx,stacy.denny@cavehill.uwi.edu,"Department of Language, Linguistics and Literature
The University of the West Indies
Cave Hill Campus
P.O.Box 64 Bridgetown
Barbados",1
30,2013-11-14T10:27:53.426022+01:00,2013-11-14T10:27:53.426028+01:00,True,,base,28,Andrea Sand,,,http://www.uni-trier.de/index.php?id=9661,sand@uni-trier.de,"Department of English Studies
University of Trier
D-54286 Trier
Germany",1
31,2013-11-14T10:27:53.426420+01:00,2013-11-14T10:27:53.426425+01:00,True,,base,29,Peter Patrick,,,http://privatewww.essex.ac.uk/~patrickp/,patrickp@essex.ac.uk,"Department of Language and Linguistics
University of Essex
Wivenhoe Park
Colchester
Essex CO4 3SQ
United Kingdom",1
32,2013-11-14T10:27:53.427002+01:00,2013-11-14T10:27:53.427009+01:00,True,,base,30,Angela Bartens,,,http://blogs.helsinki.fi/abartens/,angela.bartens@helsinki.fi,"Spanish Philology
Department of Modern Languages
P.O. Box 24 (Unioninkatu 40)
FI-00014 University of Helsinki 
Finland",1
33,2013-11-14T10:27:53.427471+01:00,2013-11-14T10:27:53.427477+01:00,True,,base,31,Geneviève Escure,,,http://english.cla.umn.edu/faculty/profile.php?UID=escur001,escur001@umn.edu,"Department of English
University of Minnesota
207 Lind Hall, 207 Church St SE
Minneapolis, MN 55455
USA",1
34,2013-11-14T10:27:53.427904+01:00,2013-11-14T10:27:53.427910+01:00,True,,base,32,Hubert Devonish,,,http://www.mona.uwi.edu/dllp/jlu/staff/devonish.htm,hubert.devonish@uwimona.edu.jm,"Department of Language, Linguistics & Philosophy
University of the West Indies
Mona
Kingston 7
Jamaica",1
35,2013-11-14T10:27:53.428320+01:00,2013-11-14T10:27:53.428326+01:00,True,,base,33,Dahlia Thompson,,,,thompson.dahlia4@gmail.com,"Department of Language, Linguistics & Philosophy
University of the West Indies
Mona
Kingston 7
Jamaica",1
36,2013-11-14T10:27:53.428737+01:00,2013-11-14T10:27:53.428742+01:00,True,,base,34,Bettina Migge,,,http://www.ucd.ie/research/people/irishcelstirishflling/drbettinamigge/,bettinamigge@ucd.ie,"School of Irish, Celtic Studies, Irish Folklore and Linguistics
University College Dublin
Newman Building
Belfield, Dublin 4
Ireland",1
37,2013-11-14T10:27:53.429104+01:00,2013-11-14T10:27:53.429108+01:00,True,,base,35,Tonjes Veenstra,,,http://www.zas.gwz-berlin.de/mitarbeiter_veenstra.html,veenstra@zas.gwz-berlin.de,"Zentrum für Allgemeine Sprachwissenschaft
Schützenstr. 18
D-10117 Berlin
Germany",1
38,2013-11-14T10:27:53.429452+01:00,2013-11-14T10:27:53.429457+01:00,True,,base,36,Donald Winford,,,http://www.ling.ohio-state.edu/~dwinford/,dwinford@ling.ohio-state.edu,"Linguistics Department
Ohio State University
222 Oxley Hall
Columbus, OH 43210
USA",1
39,2013-11-14T10:27:53.429832+01:00,2013-11-14T10:27:53.429837+01:00,True,,base,37,Dagmar Deuber,,,http://www.anglistik.uni-muenster.de/Research/variationlinguistics/deuber.html,deuber@wwu.de,"Englisches Seminar
University of Münster
Johannisstraße 12-20
D-48143 Münster
Germany",1
40,2013-11-14T10:27:53.430185+01:00,2013-11-14T10:27:53.430188+01:00,True,,base,38,Valerie Youssef,,,http://sta.uwi.edu/fhe/dmll/VYoussef.asp,Valerie.Youssef@sta.uwi.edu,"Department of Liberal Arts
School of Humanities
The University of the West Indies
St. Augustine
Trinidad & Tobago",1
41,2013-11-14T10:27:53.430519+01:00,2013-11-14T10:27:53.430523+01:00,True,,base,39,Paula Prescod,,,http://www.fcvnet.net/~paula/accueil.html,paula@vincysurf.com,"LESCLaP - Faculté des lettres
Chemin du Thil
80025 Amiens
Cedex
France",1
42,2013-11-14T10:27:53.430863+01:00,2013-11-14T10:27:53.430867+01:00,True,,base,40,Malcolm Finney,,,http://www.csulb.edu/~mfinney/,mfinney@csulb.edu,"Department of Linguistics
California State University, Long Beach
1250 Bellflower Boulevard
Long Beach, California 90840
USA",1
43,2013-11-14T10:27:53.431247+01:00,2013-11-14T10:27:53.431252+01:00,True,,base,41,John Singler,,,http://linguistics.as.nyu.edu/object/JohnVSingler.html,john.singler@nyu.edu,"Department of Linguistics
New York University
10 Washington Place #305
New York, NY 10003
USA",1
44,2013-11-14T10:27:53.431637+01:00,2013-11-14T10:27:53.431642+01:00,True,,base,42,Magnus Huber,,,http://www.uni-giessen.de/anglistik/ling/Staff/huber/,Magnus.Huber@anglistik.uni-giessen.de,"Department of English
University of Giessen
Otto-Behaghel-Strasse 10 B
D-35394 Giessen
Germany",1
45,2013-11-14T10:27:53.432033+01:00,2013-11-14T10:27:53.432039+01:00,True,,base,43,Rotimi Taiwo,,,http://rotimitaiwo.net/,ferotai@yahoo.com,"Department of English
Obafemi Awolowo University
Ife
Nigeria",1
46,2013-11-14T10:27:53.432435+01:00,2013-11-14T10:27:53.432439+01:00,True,,base,44,Nicholas Faraclas,,,http://humanidades.uprrp.edu/ingles/faculty/faraclasn.htm,nickfaraclas@yahoo.com,"English Department
College of Humanities
University of Puerto Rico
PO Box 23356
San Juan, PR 00931-3356",1
47,2013-11-14T10:27:53.432824+01:00,2013-11-14T10:27:53.432828+01:00,True,,base,45,Augustin Simo Bobda,,,http://www.ens.cm/spip.php?article284,asimobobda@yahoo.com,"Department of English
University of Yaoundé I
BP : 47
Yaoundé
Cameroun",1
48,2013-11-14T10:27:53.433234+01:00,2013-11-14T10:27:53.433239+01:00,True,,base,46,Anne Schröder,,,http://www.uni-bielefeld.de/lili/personen/aschroeder/kontakt.html,anne.schroeder@uni-bielefeld.de,"Fakultät für Linguistik und Literaturwissenschaft
University of Bielefeld
Postfach 10 01 31
D-33501 Bielefeld
Germany",1
49,2013-11-14T10:27:53.433632+01:00,2013-11-14T10:27:53.433637+01:00,True,,base,47,Josef Schmied,,,http://www.tu-chemnitz.de/phil/english/chairs/linguist/pages/josefschmied.html,josef.schmied@phil.tu-chemnitz.de,"English Department
Chemnitz University of Technology
09107 Chemnitz
Germany",1
50,2013-11-14T10:27:53.434038+01:00,2013-11-14T10:27:53.434043+01:00,True,,base,48,Alfred Buregeya,,,http://archive.uonbi.ac.ke/profiles/index.php?id=172560,"aburegeya@uonbi.ac.ke, buregeya122@yahoo.com","Department of Linguistics and Languages
University of Nairobi
Main Campus, Administration Block
P. O. Box 30197 NAIROBI - 00100
Kenya",1
51,2013-11-14T10:27:53.434439+01:00,2013-11-14T10:27:53.434444+01:00,True,,base,49,Jude Ssempuuma,,,http://www.ruhr-uni-bochum.de/engling/staffJS1.html,jude.ssempuuma@rub.de,"Englisches Seminar
Ruhr-University Bochum
Universitätsstraße 150
D-44801 Bochum
Germany",1
52,2013-11-14T10:27:53.434838+01:00,2013-11-14T10:27:53.434843+01:00,True,,base,50,Susan Fitzmaurice,,,http://www.shef.ac.uk/english/people/sfizmaurice,S.Fitzmaurice@sheffield.ac.uk,"School of English Literature, Language and Linguistics
University of Sheffield
Jessop West
1 Upper Hanover Street
Sheffield
S3 7RA
United Kingdom",1
53,2013-11-14T10:27:53.435270+01:00,2013-11-14T10:27:53.435275+01:00,True,,base,51,Rajend Mesthrie,,,http://creativeseed.co.za/linguistics/staff/professor-dstnrf-research-chair-in-migration-language-and-social-change/,Rajend.Mesthrie@uct.ac.za,"Linguistics
University of Cape Town
Private bag X3
Rondebosch 7701
South Africa
",1
54,2013-11-14T10:27:53.436055+01:00,2013-11-14T10:27:53.436069+01:00,True,,base,52,Sean Bowerman,,,http://creativeseed.co.za/linguistics/staff/lecturer/,sean.bowerman@uct.ac.za,"Linguistics
University of Cape Town
Private bag X3
Rondebosch 7701
South Africa
",1
55,2013-11-14T10:27:53.437028+01:00,2013-11-14T10:27:53.437043+01:00,True,,base,53,Devyani Sharma,,,http://webspace.qmul.ac.uk/dsharma/,d.sharma@qmul.ac.uk,"Department of Linguistics
Queen Mary, University of London
Mile End Road
London E1 4NS
United Kingdom",1
56,2013-11-14T10:27:53.437727+01:00,2013-11-14T10:27:53.437733+01:00,True,,base,54,Ahmar Mahboob,,,http://sydney.edu.au/arts/linguistics/staff/academic_staff/ahmar_mahboob.shtml,ahmar.mahboob@sydney.edu.au,"Department of Linguistics
The University of Sydney
NSW 2006
Australia",1
57,2013-11-14T10:27:53.438225+01:00,2013-11-14T10:27:53.438231+01:00,True,,base,55,Priya Hosali,,,,phosali@rediffmail.com,,1
58,2013-11-14T10:27:53.438721+01:00,2013-11-14T10:27:53.438727+01:00,True,,base,56,Michael Meyler,,,http://mirisgala.net/index.html,michaelm@sltnet.lk,"British Council
49 Alfred House Gardens
(PO Box 753)
Colombo 3
Sri Lanka",1
59,2013-11-14T10:27:53.439193+01:00,2013-11-14T10:27:53.439200+01:00,True,,base,57,May L-Y Wong,,,http://www.linguistics.hku.hk/sta/maywong/index.htm,maylywong@hku.hk,"Department of Linguistics
The University of Hong Kong
Pokfulam Road
Hong Kong
China",1
60,2013-11-14T10:27:53.439662+01:00,2013-11-14T10:27:53.439668+01:00,True,,base,58,Lisa Lim,,,http://www.english.hku.hk/staff/lisalim.htm,lisalim@hku.hk,"School of English
Main Building
The University of Hong Kong
Pokfulam Road
Hong Kong
China",1
61,2013-11-14T10:27:53.440122+01:00,2013-11-14T10:27:53.440127+01:00,True,,base,59,Umberto Ansaldo,,,http://www.linguistics.hku.hk/index.php?n=UmbertoAnsaldo.UmbertoAnsaldo,ansaldo@hku.hk,"Department of Linguistics
The University of Hong Kong
Pokfulam Road
Hong Kong
China",1
62,2013-11-14T10:27:53.440700+01:00,2013-11-14T10:27:53.440706+01:00,True,,base,60,Stefanie Pillai,,,http://umexpert.um.edu.my/papar_cv.php?id=AAAJxnAAQAAAGEeAAW,stefanie@um.edu.my,"Department of English Language
University of Malaya
Faculty of Languages & Linguistics Building
50603 Kuala Lumpur
Malaysia",1
63,2013-11-14T10:27:53.441199+01:00,2013-11-14T10:27:53.441204+01:00,True,,base,61,Ashley Greig,,,,ashg_love@yahoo.com,"Department of English Language
University of Malaya
Faculty of Languages & Linguistics Building
50603 Kuala Lumpur
Malaysia",1
64,2013-11-14T10:27:53.441650+01:00,2013-11-14T10:27:53.441656+01:00,True,,base,62,Peter Collins,,,http://www.arts.unsw.edu.au/faculty/staff-directory/peter-craig-collins-171.html,p.collins@unsw.edu.au,"School of Languages and Linguistics
The University of New South Wales
Sydney, NSW 2052
Australia",1
65,2013-11-14T10:27:53.442085+01:00,2013-11-14T10:27:53.442091+01:00,True,,base,63,Pam Peters,,,http://www.ling.mq.edu.au/about/staff/peters_pam/index.html,Pam.Peters@ling.mq.edu.au,"Department of Linguistics
Macquarie University
Balaclava Road
North Ryde, Sydney NSW 2109
Australia ",1
66,2013-11-14T10:27:53.442515+01:00,2013-11-14T10:27:53.442520+01:00,True,,base,64,Andrew Pawley,,,https://researchers.anu.edu.au/researchers/pawley-ak,andrew.pawley@anu.edu.au,"School of Culture History and Language
ANU College of Asia and the Pacific
The Australian National University
Canberra
Australia
",1
67,2013-11-14T10:27:53.443086+01:00,2013-11-14T10:27:53.443092+01:00,True,,base,65,Ian Malcolm,,,http://www.ecu.edu.au/schools/communications-and-arts/staff/profiles/emeritus-professors/professor-ian-malcolm,I.Malcolm@ecu.edu.au,"The School of Communications and Arts
Mount Lawley Campus
Edith Cowan University
2 Bradford Street
Mount Lawley WA 6050
Australia",1
68,2013-11-14T10:27:53.443530+01:00,2013-11-14T10:27:53.443536+01:00,True,,base,66,Heidi Quinn,,,http://www.canterbury.ac.nz/spark/Researcher.aspx?researcherid=114980,heidi.quinn@canterbury.ac.nz,"Linguistics
School of Social and Political Sciences
University of Canterbury
Private Bag 4800
Christchurch 8140
New Zealand
",1
69,2013-11-14T10:27:53.443978+01:00,2013-11-14T10:27:53.443983+01:00,True,,base,67,Peter Mühlhäusler,,,http://www.adelaide.edu.au/directory/peter.muhlhausler,muhlhausler@adelaide.edu.au,"Discipline of Linguistics
School of Humanities
The University of Adelaide
Napier Building Level 7
Adelaide SA 5005
Australia
",1
70,2013-11-14T10:27:53.444421+01:00,2013-11-14T10:27:53.444426+01:00,True,,base,68,Sabine Ehrhart,,,http://wwwde.uni.lu/forschung/flshase/languages_culture_media_and_identities_lcmi/staff/sabine_ehrhart/,sabine.ehrhart@uni.lu,"Fakultät für Sprachwissenschaften und Literatur, Geisteswissenschaften, Kunst und Erziehungswissenschaften
Universität Luxemburg
Route de Diekirch
L-7220 Walferdange",1
71,2013-11-14T10:27:53.444858+01:00,2013-11-14T10:27:53.444863+01:00,True,,base,69,Rachel Hendery,,,https://researchers.anu.edu.au/researchers/hendery-rm,rachel.hendery@anu.edu.au,"School of Language Studies
Australian National University
Baldessin Precinct Building (110)
Ellery Crescent, ANU
Canberra ACT 0200
Australia",1
72,2013-11-14T10:27:53.445310+01:00,2013-11-14T10:27:53.445316+01:00,True,,base,70,Marianne Hundt,,,http://www.es.uzh.ch/aboutus/team/mhundt.html,m.hundt@es.uzh.ch,"English Department
University of Zurich
Plattenstrasse 47
CH-8032 Zürich 
Switzerland",1
73,2013-11-14T10:27:53.445743+01:00,2013-11-14T10:27:53.445749+01:00,True,,base,71,Carolin Biewer,,,http://www.es.uzh.ch/aboutus/team/cbiewer.html,carolin.biewer@es.uzh.ch,"English Department
University of Zurich
Plattenstrasse 47
CH-8032 Zürich 
Switzerland",1
74,2013-11-14T10:27:53.446220+01:00,2013-11-14T10:27:53.446226+01:00,True,,base,72,Lena Zipp,,,http://www.es.uzh.ch/aboutus/team/lenazipp.html,lena.zipp@es.uzh.ch,"English Department
University of Zurich
Plattenstrasse 47
8032 Zürich 
Switzerland",1
75,2013-11-14T10:27:53.447146+01:00,2013-11-14T10:27:53.447167+01:00,True,,base,73,Jan Tent,,,http://www.ling.mq.edu.au/about/staff/tent_jan/index.html,jan.tent@mq.edu.au,"Department of Linguistics
Macquarie University
Balaclava Road
North Ryde, Sydney NSW 2109
Australia ",1
76,2013-11-14T10:27:53.448060+01:00,2013-11-14T10:27:53.448071+01:00,True,,base,74,Miriam Meyerhoff,,,http://artsfaculty.auckland.ac.nz/staff/?UPI=mmey023,m.meyerhoff@auckland.ac.nz,"Faculty of Arts
Department of Applied Language Studies and Linguistics
The University of Auckland
14a Symonds Street
Auckland
New Zealand",1
77,2013-11-14T10:27:53.448662+01:00,2013-11-14T10:27:53.448669+01:00,True,,base,75,Geoff Smith,,,,smith.gps@gmail.com,,1
78,2013-11-14T10:27:53.449203+01:00,2013-11-14T10:27:53.449209+01:00,True,,base,76,Kent Sakoda,,,,sakoda@hawaii.edu,"Charlene Sato Center for Pidgin, Creole and Dialect Studies
College of Languages, Linguistics, and Literature
University of Hawai’i
Bilger 101, 2545 McCarthy Mall
Honolulu HI 96822-2233
USA",1
79,2013-11-14T10:27:53.449680+01:00,2013-11-14T10:27:53.449685+01:00,True,,base,77,Jeff Siegel,,,http://www.une.edu.au/staff/jsiegel.php,jsiegel@une.edu.au,"School of Behavioural,
Cognitive and Social Sciences
University of New England
Armidale NSW 2351
Australia",1
80,2013-11-14T10:27:53.450124+01:00,2013-11-14T10:27:53.450129+01:00,True,,base,78,David Britain,,,http://ens.unibe.ch/content/about_us/modern_linguistics/d_britain/,britain@ens.unibe.ch,"English Department
Universität Bern
Länggassstrasse 49
CH-3000 Bern 9
Switzerland",1
81,2013-11-14T10:27:53.450565+01:00,2013-11-14T10:27:53.450571+01:00,True,,base,79,Andrea Sudbury,,,,andrea.sudbury@kcl.ac.uk,"Department of Management
King’s College London
Franklin-Wilkins Building
150 Stamford Street
London SE1 9NH
United Kingdom",1
82,2013-11-14T10:27:53.451016+01:00,2013-11-14T10:27:53.451022+01:00,True,,base,80,Daniel Schreier,,,http://esweb.unizh.ch/es/staffpages/daniel.schreier.html,schreier@es.uzh.ch,"Englisches Seminar
Plattenstrasse 47
CH-8032 Zürich
Switzerland",1
83,2013-11-14T10:27:53.451450+01:00,2013-11-14T10:27:53.451455+01:00,True,,base,81,Ariane Macalinga Borlongan,,,,,,1
84,2013-11-14T10:27:53.451870+01:00,2013-11-14T10:27:53.451875+01:00,True,,base,82,Joo Hyuk Lim,,,,,,1
85,2013-11-14T10:27:53.452282+01:00,2013-11-14T10:27:53.452288+01:00,True,,base,83,Tracey Toefy,,,,,,1
