pk,created,updated,active,jsondata,id,name,description,markup_description
1,2013-11-14T10:27:53.394979+01:00,2013-11-14T10:27:53.394989+01:00,True,,1,Pronouns,"Pronouns, pronoun exchange, nominal gender",
2,2013-11-14T10:27:53.395831+01:00,2013-11-14T10:27:53.395835+01:00,True,,2,Noun Phrase,Noun phrase,
3,2013-11-14T10:27:53.396137+01:00,2013-11-14T10:27:53.396140+01:00,True,,3,Tense & Aspect,Verb phrase I: tense and aspect,
4,2013-11-14T10:27:53.396384+01:00,2013-11-14T10:27:53.396387+01:00,True,,4,Modal Verbs,Verb phrase II: modal verbs,
5,2013-11-14T10:27:53.396627+01:00,2013-11-14T10:27:53.396630+01:00,True,,5,Verb Morphology,Verb phrase III: verb morphology,
6,2013-11-14T10:27:53.396891+01:00,2013-11-14T10:27:53.396895+01:00,True,,6,Negation,Negation,
7,2013-11-14T10:27:53.397172+01:00,2013-11-14T10:27:53.397175+01:00,True,,7,Agreement,Agreement,
8,2013-11-14T10:27:53.397430+01:00,2013-11-14T10:27:53.397433+01:00,True,,8,Relativization,Relativization,
9,2013-11-14T10:27:53.397668+01:00,2013-11-14T10:27:53.397671+01:00,True,,9,Complementation,Complementation,
10,2013-11-14T10:27:53.397903+01:00,2013-11-14T10:27:53.397906+01:00,True,,10,Adverbial Subordination,Adverbial Subordination,
11,2013-11-14T10:27:53.398143+01:00,2013-11-14T10:27:53.398146+01:00,True,,11,Adverbs & Prepositions,Adverbs and prepositions,
12,2013-11-14T10:27:53.398379+01:00,2013-11-14T10:27:53.398381+01:00,True,,12,Discourse & Word Order,Discourse organization and word order,
