pk,created,updated,active,jsondata,polymorphic_type,id,name,description,markup_description,version
1,2013-11-14T10:27:53.539534+01:00,2013-11-14T10:27:53.539541+01:00,True,"{""example_source"": ""Kortmann/Szmrecsanyi (2004)""}",base,1,She/her used for inanimate referents,She was burning good [about a house],,1
2,2013-11-14T10:27:53.540570+01:00,2013-11-14T10:27:53.540576+01:00,True,"{""example_source"": ""Southwest (Wagner 2008: 425)""}",base,2,He/him used for inanimate referents,I bet thee cansnʼ climb he [= a tree],,1
3,2013-11-14T10:27:53.541023+01:00,2013-11-14T10:27:53.541027+01:00,True,"{""example_source"": ""FijiE (Jeff Siegel, p.c. and Mugler/Tent  2008:  551)""}",base,3,Alternative forms/phrases for referential (non-dummy) it,e.g. the thing: When you on [‘switch on’] the alarm system you press this button. When you off the thing [‘switch it off’] you press that one.,,1
4,2013-11-14T10:27:53.541448+01:00,2013-11-14T10:27:53.541452+01:00,True,"{""example_source"": ""East Anglia (Trudgill 2008: 409)""}",base,4,Alternative forms/phrases for dummy it,Thass rainen ‘Itʼs raining’ (emphatic),,1
5,2013-11-14T10:27:53.541816+01:00,2013-11-14T10:27:53.541820+01:00,True,"{""example_source"": ""Tok Pisin (Smith 2008: 491)""}",base,5,Generalized third person singular pronoun: subject pronouns,em for ‘he/she/it’,,1
6,2013-11-14T10:27:53.542171+01:00,2013-11-14T10:27:53.542175+01:00,True,"{""example_source"": ""HawC (Jeff Siegel, p.c. and Sakoda and Siegel 2008: 541)""}",base,6,Generalized third person singular pronoun: object pronouns,om for ‘him/her/it’,,1
7,2013-11-14T10:27:53.542509+01:00,2013-11-14T10:27:53.542513+01:00,True,"{""example_source"": ""Kortmann/Szmrecsanyi (2004)""}",base,7,Me instead of I in coordinate subjects,Me and my brother/My brother and me were late,,1
8,2013-11-14T10:27:53.542836+01:00,2013-11-14T10:27:53.542839+01:00,True,"{""example_source"": ""Kortmann/Szmrecsanyi (2004) (modified)""}",base,8,Myself/meself instead of I in coordinate subjects,My/me husband and myself were late.,,1
9,2013-11-14T10:27:53.543156+01:00,2013-11-14T10:27:53.543159+01:00,True,"{""example_source"": ""UAAVE (Wolfram 2008b:  526) (modified)""}",base,9,Benefactive “personal dative” construction,I got me a new car; She got her a new car; They got them a new car,,1
10,2013-11-14T10:27:53.543475+01:00,2013-11-14T10:27:53.543479+01:00,True,"{""example_source"": ""FijiE (Mugler/Tent 2008:  549); EAfE (Mesthrie/Bhatt 2008: 55)""}",base,10,No gender distinction in third person singular,"My mother, heʼs a primary school teacher; My husband who was in England, she was by then my fiancé",,1
11,2013-11-14T10:27:53.543775+01:00,2013-11-14T10:27:53.543778+01:00,True,"{""example_source"": ""Kortmann/Szmrecsanyi (2004)""}",base,11,Regularized reflexives paradigm,"hisself, theirselves/theirself",,1
12,2013-11-14T10:27:53.544061+01:00,2013-11-14T10:27:53.544063+01:00,True,"{""example_source"": ""Kortmann/Szmrecsanyi (2004)""}",base,12,Object pronoun forms serving as base for first and/or second person reflexives,meself for ‘myself’,,1
13,2013-11-14T10:27:53.544345+01:00,2013-11-14T10:27:53.544348+01:00,True,"{""example_source"": ""Kortmann/Szmrecsanyi (2004)""}",base,13,Subject pronoun forms serving as base for reflexives,theyselves for ‘themselves’,,1
14,2013-11-14T10:27:53.544631+01:00,2013-11-14T10:27:53.544634+01:00,True,"{""example_source"": ""Kortmann/Szmrecsanyi (2004)""}",base,14,No number distinction in reflexives,ourself for ‘ourselves’,,1
15,2013-11-14T10:27:53.544907+01:00,2013-11-14T10:27:53.544910+01:00,True,"{""example_source"": ""IrE (Filppula 2008:  349); (Hickey 2004: 601)""}",base,15,Absolute use of reflexives,"And by God, he said, … he’d be the devil if himself wouldn’t make him laugh; Himself is gone to Dublin (meaning ‘boss’, ‘head’)",,1
16,2013-11-14T10:27:53.545221+01:00,2013-11-14T10:27:53.545224+01:00,True,"{""example_source"": ""AppE (Montgomery 2008: 448)""}",base,16,Emphatic reflexives with own,Everybody took care of their own self.,,1
17,2013-11-14T10:27:53.545501+01:00,2013-11-14T10:27:53.545503+01:00,True,"{""example_source"": ""CarCs (Schneider 2008: 773); JamC, (Patrick 2008: 633)""}",base,17,Creation of possessive pronouns with prefix fi- +personal pronoun,Den no fi-me work me put yuh inna? [lit.: Then no for-me job I put you into] ‘Then wasnʼt it my job I got for you?’,,1
18,2013-11-14T10:27:53.545785+01:00,2013-11-14T10:27:53.545787+01:00,True,"{""example_source"": ""BelC (Jeff Siegel, p.c.)""}",base,18,Subject pronoun forms as (modifying) possessive pronouns: first person singular,I book for ‘my book’,,1
19,2013-11-14T10:27:53.546062+01:00,2013-11-14T10:27:53.546064+01:00,True,"{""example_source"": ""LibSE (Singler 2008: 406)""}",base,19,Subject pronoun forms as (modifying) possessive pronouns: first person plural,"When we done make we farm, we n’t know nothing about sell…",,1
20,2013-11-14T10:27:53.546340+01:00,2013-11-14T10:27:53.546343+01:00,True,"{""example_source"": ""constructed""}",base,20,Subject pronoun forms as (modifying) possessive pronouns: third person singular,he book for ‘his book’,,1
21,2013-11-14T10:27:53.546618+01:00,2013-11-14T10:27:53.546621+01:00,True,"{""example_source"": ""UAAVE (Wolfram 2008b: 525)""}",base,21,Subject pronoun forms as (modifying) possessive pronouns: third person plural,It’s they book,,1
22,2013-11-14T10:27:53.546898+01:00,2013-11-14T10:27:53.546901+01:00,True,"{""example_source"": ""JamC (Patrick 2008: 628)""}",base,22,You as (modifying) possessive pronoun,Yu kyaan kom iin-ya siev yu pie yu fier ‘You canʼt come in here unless you pay your fare’,,1
23,2013-11-14T10:27:53.547174+01:00,2013-11-14T10:27:53.547177+01:00,True,"{""example_source"": ""JamC (Patrick 2008: 621)""}",base,23,Second person pronoun forms other than you as (modifying) possessive pronoun,"Shut unu ai, na! ‘Shut your [2PL] eyes, wonʼt you?’",,1
24,2013-11-14T10:27:53.547451+01:00,2013-11-14T10:27:53.547454+01:00,True,"{""example_source"": ""AbE (Malcolm 2008: 432); Yorkshire, (Upton et al. 1994: 488)""}",base,24,Object pronoun forms as (modifying) possessive pronouns: third person singular,im dog ‘his dog’; get im gear on,,1
25,2013-11-14T10:27:53.547729+01:00,2013-11-14T10:27:53.547732+01:00,True,"{""example_source"": ""constructed""}",base,25,Object pronoun forms as (modifying) possessive pronouns: third person plural,them book for ‘their book’,,1
26,2013-11-14T10:27:53.548007+01:00,2013-11-14T10:27:53.548009+01:00,True,"{""example_source"": ""Kortmann/Szmrecsanyi (2004)""}",base,26,Object pronoun forms as (modifying) possessive pronouns: first person singular,Heʼs me brother; Iʼve lost me bike,,1
27,2013-11-14T10:27:53.548285+01:00,2013-11-14T10:27:53.548288+01:00,True,"{""example_source"": ""Kortmann/Szmrecsanyi (2004)""}",base,27,Object pronoun forms as (modifying) possessive pronouns: first person plural,Us George was a nice one; We like us town;,,1
28,2013-11-14T10:27:53.548561+01:00,2013-11-14T10:27:53.548564+01:00,True,"{""example_source"": ""Kortmann/Szmrecsanyi (2004)""}",base,28,Use of us + NP in subject function,Us kids used to pinch the sweets like hell.,,1
29,2013-11-14T10:27:53.548841+01:00,2013-11-14T10:27:53.548844+01:00,True,"{""example_source"": ""Kortmann/Szmrecsanyi (2004)""}",base,29,Use of us in object function with singular referent,Show us [‘me’] them boots.,,1
30,2013-11-14T10:27:53.549116+01:00,2013-11-14T10:27:53.549129+01:00,True,"{""example_source"": ""Kortmann/Szmrecsanyi (2004); Southwest (Wagner 2008: 421); HawC (Jeff Siegel, p.c.)""}",base,30,Non-coordinated subject pronoun forms in object function,"e.g. You did get he out of bed in the middle of the night; Well, if I didnʼt know they, they knowed I",,1
31,2013-11-14T10:27:53.549407+01:00,2013-11-14T10:27:53.549410+01:00,True,"{""example_source"": ""Southwest (Wagner 2008: 421); Kortmann/Szmrecsanyi (2004); North (Beal 2008: 377); HawC (Jeff Siegel p.c.)""}",base,31,Non-coordinated object pronoun forms in subject function,"Evercreech, what did ʼem [ʼtheyʼ] call it?; Us say ʼerʼs [‘she is’] dry; Usʼll do it; Huz san him? ‘Whose son is he?’",,1
32,2013-11-14T10:27:53.549687+01:00,2013-11-14T10:27:53.549690+01:00,True,"{""example_source"": ""GhP (Huber 2008: 387)""}",base,32,Distinction between emphatic vs. non-emphatic forms of pronouns,in vs. ì: ì bì in [emphatic 3SG] we ì [unstressed 3SG] mek govanment no put mo presha fo wi. [lit.: It be that what it make government not put more pressure for we] ‘That is what prevents the government from using more pressure on us.’,,1
33,2013-11-14T10:27:53.549965+01:00,2013-11-14T10:27:53.549967+01:00,True,"{""example_source"": ""Southern/Midland AmE (Schneider 2008: 773); Staffordshire (Upton et al. 1994: 488); Worcestershire Upton et al. 1994: 488)""}",base,33,Independent possessive pronoun forms with added nasal,"hern, hisn, ourn; hersn, oursn, ourns",,1
34,2013-11-14T10:27:53.550371+01:00,2013-11-14T10:27:53.550374+01:00,True,"{""example_source"": ""Kortmann/Szmrecsanyi (2004)""}",base,34,Forms or phrases for the second person plural pronoun other than you,youse; yʼall; aayʼ; yufela; you…together; all of you; you ones/ʼuns; you guys; you people,,1
35,2013-11-14T10:27:53.550655+01:00,2013-11-14T10:27:53.550658+01:00,True,"{""example_source"": ""Southwest (Susanne Wagner, p.c.)""}",base,35,Forms or phrases for the second person singular pronoun other than you,ye,,1
36,2013-11-14T10:27:53.550932+01:00,2013-11-14T10:27:53.550935+01:00,True,"{""example_source"": ""Queensland AbE (Malcolm 2008: 433)""}",base,36,Distinct forms for inclusive/exclusive first person non-singular,"afla (inclusive, i.e. ‘we, including you’) vs. mifela (exclusive, i.e. ‘we, not including you’)",,1
37,2013-11-14T10:27:53.551218+01:00,2013-11-14T10:27:53.551220+01:00,True,"{""example_source"": ""Bislama (Crowley 2008: 447)""}",base,37,More number distinctions in personal pronouns than simply singular vs. plural,"hem (3SG), tufala (3DU), trifala (3TRI), ol(geta) (3PL)",,1
38,2013-11-14T10:27:53.551497+01:00,2013-11-14T10:27:53.551499+01:00,True,"{""example_source"": ""FijiE (Mugler/Tent 2008: .539), HawC (Sakoda/Siegel 2008: 539)""}",base,38,Specialized plural markers for pronouns,"us-gang (1PL.); as gaiz (1PL), yu gaiz (2PL), dem gaiz (3PL)",,1
39,2013-11-14T10:27:53.551773+01:00,2013-11-14T10:27:53.551776+01:00,True,"{""example_source"": ""South Midland CollAmE (Murray/Simon 2008: 413)""}",base,39,Plural forms of interrogative pronouns: using additional elements,Who-all did you say was gonna be there?,,1
40,2013-11-14T10:27:53.552051+01:00,2013-11-14T10:27:53.552054+01:00,True,"{""example_source"": ""IndSAfE (Mesthrie/Bhatt 2008: 75)""}",base,40,Plural forms of interrogative pronouns: reduplication,Who-who came? ‘Who (of several people) came?’; What-what they said? ‘What (different) things did they say?’,,1
41,2013-11-14T10:27:53.552334+01:00,2013-11-14T10:27:53.552337+01:00,True,"{""example_source"": ""MalE (Baskaran 2008: 612)""}",base,41,Singular it for plural they in anaphoric use,Those books are very informative. It can be obtained at Dillon’s.,,1
42,2013-11-14T10:27:53.552614+01:00,2013-11-14T10:27:53.552616+01:00,True,"{""example_source"": ""Bislama (Crowley 2008: 455); IndE (Bhatt 2008: 557)""}",base,42,Object pronoun drop,"mi laekem Ø ‘I like it’; A: You got tickets? – B: No, Ø sold Ø alreadyʼA: Do you have tickets? B: No, I sold them alreadyʼ",,1
43,2013-11-14T10:27:53.552892+01:00,2013-11-14T10:27:53.552894+01:00,True,"{""example_source"": ""IndE (Bhatt 2008: 557)""}",base,43,Subject pronoun drop: referential pronouns,"A: You got tickets? – B: No, Ø sold Ø already ‘A: Do you have tickets? B: No, I sold them already’",,1
44,2013-11-14T10:27:53.553196+01:00,2013-11-14T10:27:53.553198+01:00,True,"{""example_source"": ""IndE (Bhatt 2008: 559)""}",base,44,Subject pronoun drop: dummy pronouns,Ø rained yesterday only (emphatic),,1
45,2013-11-14T10:27:53.553475+01:00,2013-11-14T10:27:53.553478+01:00,True,"{""example_source"": ""BlSAfE (Mesthrie/Bhatt 2008: 91)""}",base,45,Insertion of it where StE favours zero,"As I made it clear before, I am going to talk about solutions, not problems; As it is the case elsewhere in Africa, much can still be done for children",,1
46,2013-11-14T10:27:53.553756+01:00,2013-11-14T10:27:53.553759+01:00,True,"{""example_source"": ""UgE ; PhilE; HKE (Mesthrie/Bhatt 2008: 58)""}",base,46,Deletion of it in referential it is-constructions,"Is very nice food; But when I move into the flat, is OK",,1
47,2013-11-14T10:27:53.554033+01:00,2013-11-14T10:27:53.554036+01:00,True,"{""example_source"": ""UgE ; PhilE; HKE (Mesthrie/Bhatt 2008: 58)""}",base,47,Deletion of it in non-referential it is-constructions,Here is not allowed to stop the car.,,1
48,2013-11-14T10:27:53.554312+01:00,2013-11-14T10:27:53.554315+01:00,True,"{""example_source"": ""IndSAfE (Mesthrie 2008b: 513)""}",base,48,Regularization of plural formation: extension of -s to StE irregular plurals,"childrens, oxens, sheeps",,1
49,2013-11-14T10:27:53.554590+01:00,2013-11-14T10:27:53.554592+01:00,True,"{""example_source"": ""ScE (Miller 2008: 301)""}",base,49,Regularization of plural formation: phonological regularization,"wifes, knifes, lifes, leafs",,1
50,2013-11-14T10:27:53.554871+01:00,2013-11-14T10:27:53.554873+01:00,True,"{""example_source"": ""Solomon Islands Pijin (Jourdan 2008:  474)""}",base,50,Plural marking via preposed elements,Olketa boe bae kam long naet ‘The boys will come at night’,,1
51,2013-11-14T10:27:53.555152+01:00,2013-11-14T10:27:53.555155+01:00,True,"{""example_source"": ""JamC (Patrick 2008: 640); AbE (Malcolm 2008: 431)""}",base,51,Plural marking via postposed elements,Some a di woman dem single woman; clean water-mob ‘lots of clean water’,,1
52,2013-11-14T10:27:53.555431+01:00,2013-11-14T10:27:53.555434+01:00,True,"{""example_source"": ""AppE (Montgomery 2008: 445); JamC (Patrick 2008: 641); IndSAfE (Mesthrie 2008b: 513)""}",base,52,Associative plural marked by postposed and them/them all/dem,I have a picture of my dad and them working their own road; Miss Waaka dem laaf afta him; I saw Saras-them’s cat by the road,,1
53,2013-11-14T10:27:53.555788+01:00,2013-11-14T10:27:53.555793+01:00,True,"{""example_source"": ""possible in FijiE (Jeff Siegel, p.c.)""}",base,53,Associative plural marked by other elements,my Daddy gang ‘my Dad and his colleagues/friends/…’,,1
54,2013-11-14T10:27:53.556195+01:00,2013-11-14T10:27:53.556201+01:00,True,"{""example_source"": ""Kortmann/Szmrecsanyi (2004)""}",base,54,Group plurals,That President has two Secretary of States (rather than two Secretaries of State),,1
55,2013-11-14T10:27:53.556608+01:00,2013-11-14T10:27:53.556613+01:00,True,"{""example_source"": ""AbE, (Malcolm 2008: 586); MalE (Baskaran 2008: 613); EAfE (Schmied 2008: 455)""}",base,55,Different count/mass noun distinctions resulting in use of plural for StE singular,woods ‘bits of wood’; How many staffs are on medical leave?; These advices are coming because they’ve already studied all of us,,1
56,2013-11-14T10:27:53.557036+01:00,2013-11-14T10:27:53.557041+01:00,True,"{""example_source"": ""BlSAfE (Mesthrie 2008a: 497); Kortmann/Szmrecsanyi (2004)""}",base,56,Absence of plural marking only after quantifiers,We did all our subject-Ø in English; four pound; five year,,1
57,2013-11-14T10:27:53.557479+01:00,2013-11-14T10:27:53.557482+01:00,True,"{""example_source"": ""constructed""}",base,57,Plural marking generally optional : for nouns with human referents,My sister-Ø are pretty girl-Ø.,,1
58,2013-11-14T10:27:53.557784+01:00,2013-11-14T10:27:53.557787+01:00,True,"{""example_source"": ""constructed""}",base,58,Plural marking generally optional: for nouns with non-human referents,The tree-Ø  donʼt grow very tall up there.,,1
59,2013-11-14T10:27:53.558087+01:00,2013-11-14T10:27:53.558090+01:00,True,"{""example_source"": ""NigE (Schneider 2007: 83 (modified))""}",base,59,Double determiners,This our common problem is very serious.,,1
60,2013-11-14T10:27:53.558380+01:00,2013-11-14T10:27:53.558383+01:00,True,"{""example_source"": ""Kortmann/Szmrecsanyi (2004); NfldE (Clarke 2008: 501)""}",base,60,Use of definite article where StE has indefinite article,I had the toothache; ...when theyʼd get the cold… ʼa coldʼ,,1
61,2013-11-14T10:27:53.558672+01:00,2013-11-14T10:27:53.558675+01:00,True,"{""example_source"": ""constructed""}",base,61,Use of indefinite article where StE has definite article,A sun was shining.,,1
62,2013-11-14T10:27:53.558958+01:00,2013-11-14T10:27:53.558961+01:00,True,"{""example_source"": ""MalE (Baskaran 2008: 611)""}",base,62,Use of zero article where StE has definite article,Did you get Ø mileage-claim for that trip?; Ø main reason for their performance…,,1
63,2013-11-14T10:27:53.559245+01:00,2013-11-14T10:27:53.559248+01:00,True,"{""example_source"": ""IndE (Sharma 2005: 545)""}",base,63,Use of zero article where StE has indefinite article,"Then he thought, what about getting Ø girl [to marry] from India?",,1
64,2013-11-14T10:27:53.559534+01:00,2013-11-14T10:27:53.559537+01:00,True,"{""example_source"": ""GhE(Huber/Dako 2008: 374); IrE, (Mesthrie/Bhatt 2008: 51); IrE (Filppula 2008: 347)""}",base,64,Use of definite article where StE favours zero,"He was appointed sales representative at the Nestlé, Ghana Ltd.; Do they keep the goats?; Poor people were starved with the hunger",,1
65,2013-11-14T10:27:53.559877+01:00,2013-11-14T10:27:53.559880+01:00,True,"{""example_source"": ""Kortmann/Szmrecsanyi (2004)""}",base,65,Use of indefinite article where StE favours zero,about a three fields,,1
66,2013-11-14T10:27:53.560171+01:00,2013-11-14T10:27:53.560174+01:00,True,"{""example_source"": ""AbE (Malcolm 2008: 431); JamC (Patrick 2008: 637)""}",base,66,Indefinite article one/wan,They seen one [‘a’] green snake tangled round a tree; Di uman sel wan mango,,1
67,2013-11-14T10:27:53.560463+01:00,2013-11-14T10:27:53.560465+01:00,True,"{""example_source"": ""AbE (Malcolm 2008: 431)""}",base,67,Demonstratives for definite articles,That door bin close ‘the door closed’,,1
68,2013-11-14T10:27:53.560753+01:00,2013-11-14T10:27:53.560756+01:00,True,"{""example_source"": ""Kortmann/Szmrecsanyi (2004)""}",base,68,Them instead of demonstrative those,"in them days, one of them things",,1
69,2013-11-14T10:27:53.561036+01:00,2013-11-14T10:27:53.561039+01:00,True,"{""example_source"": ""O&SE (Melchers 2008: 295); ScE (Miller 2008: 306)""}",base,69,Yon/yonder indicating remoteness,yon oil company; yon muckle Concorde; Wi his sair foot he would never could climb yon stairs,,1
70,2013-11-14T10:27:53.561335+01:00,2013-11-14T10:27:53.561337+01:00,True,"{""example_source"": ""EA (Trudgill (2008: 411); Krio (Yillah/Corcoran 2007:190)""}",base,70,Proximal and distal demonstratives with  ʼhereʼ and  ʼthereʼ,this here book vs. them there books; Dis man (ya) lek dem trosis (de),,1
71,2013-11-14T10:27:53.561621+01:00,2013-11-14T10:27:53.561624+01:00,True,"{""example_source"": ""Cape Flats E (McCormick 2008: 525)""}",base,71,No number distinction in demonstratives,I’ve watched this children .,,1
72,2013-11-14T10:27:53.561908+01:00,2013-11-14T10:27:53.561910+01:00,True,"{""example_source"": """"}",base,72,Group genitives,The man I metʼs girlfriend is a real beauty(rather than The girlfriend of the man I met is a real beauty),,1
73,2013-11-14T10:27:53.562190+01:00,2013-11-14T10:27:53.562193+01:00,True,"{""example_source"": ""NigP (APiCS questionnaire, feature no. 77)""}",base,73,Existential construction to express possessive,Mà mòto de. [lit.: my car exist] ‘I have a car.’,,1
74,2013-11-14T10:27:53.562474+01:00,2013-11-14T10:27:53.562476+01:00,True,"{""example_source"": ""NigP (Faraclas 2008:361); Norf\u02bck (M\u00fchlh\u00e4usler 2008: 577); Kortmann/Szmrecsanyi (2004)""}",base,74,Phrases with for + noun to express possession: for-phrase following possessed NP,nayf for Chinyere ‘Chinyereʼs knife’; aa kau fe mais bradhas ‘that cow of my brother’; the house for me ‘my house’,,1
75,2013-11-14T10:27:53.562762+01:00,2013-11-14T10:27:53.562765+01:00,True,"{""example_source"": ""AbE (Malcolm 2008: 432)""}",base,75,Phrases with for + noun to express possession: for-phrase preceding possessed NP,Long time he was for my sister husband ‘A long time ago he was my sisterʼs husband’,,1
76,2013-11-14T10:27:53.563044+01:00,2013-11-14T10:27:53.563047+01:00,True,"{""example_source"": ""AusC (Burridge 2008: 594)""}",base,76,Postnominal phrases with bilong/blong/long/blo to express possession,dog blong/blo maan ‘the man’s dog’,,1
77,2013-11-14T10:27:53.563322+01:00,2013-11-14T10:27:53.563325+01:00,True,"{""example_source"": ""AAVE (Schneider 2008: 772)""}",base,77,Omission of genitive suffix; possession expressed through bare juxtaposition of nouns,my daddy brother,,1
78,2013-11-14T10:27:53.563601+01:00,2013-11-14T10:27:53.563603+01:00,True,"{""example_source"": ""Kortmann/Szmrecsanyi (2004)""}",base,78,Double comparatives and superlatives,That is so much more easier to follow.,,1
79,2013-11-14T10:27:53.563880+01:00,2013-11-14T10:27:53.563883+01:00,True,"{""example_source"": ""Kortmann/Szmrecsanyi (2004)""}",base,79,Regularized comparison strategies: extension of synthetic marking,He is the regularest kind of guy I know.,,1
80,2013-11-14T10:27:53.564160+01:00,2013-11-14T10:27:53.564162+01:00,True,"{""example_source"": ""Kortmann/Szmrecsanyi (2004)""}",base,80,Regularized comparison strategies: extension of analytic marking,one of the most pretty sunsets,,1
81,2013-11-14T10:27:53.564437+01:00,2013-11-14T10:27:53.564440+01:00,True,"{""example_source"": ""Mesthrie/Bhatt (2008: 86)""}",base,81,Much as comparative marker,The unemployment position is much severe than in Singapore.,,1
82,2013-11-14T10:27:53.564715+01:00,2013-11-14T10:27:53.564718+01:00,True,"{""example_source"": ""Upton et al. (1994: 504)""}",base,82,As/to as comparative markers,worse as ‘worse than’,,1
83,2013-11-14T10:27:53.564988+01:00,2013-11-14T10:27:53.564991+01:00,True,"{""example_source"": ""AppE, CollAmE (Schneider 2008: 772)""}",base,83,Comparatives and superlatives of participles,"fightingest, singingest",,1
84,2013-11-14T10:27:53.565303+01:00,2013-11-14T10:27:53.565306+01:00,True,"{""example_source"": ""BlSAfE (Mesthrie 2008c: 631);""}",base,84,Comparative marking only with than,He loves his car than [‘more than’] his children;,,1
85,2013-11-14T10:27:53.565585+01:00,2013-11-14T10:27:53.565588+01:00,True,"{""example_source"": ""AfE (Mesthrie/Bhatt 2008: 85)""}",base,85,Comparative marking with more…and,They would have more powder on their hands and in their faces ‘…than in their faces’,,1
86,2013-11-14T10:27:53.565862+01:00,2013-11-14T10:27:53.565865+01:00,True,"{""example_source"": ""BlSAfE (Mesthrie 2008c: 631)""}",base,86,Zero marking of degree,He is one of the radical students that you can ever find.,,1
87,2013-11-14T10:27:53.566137+01:00,2013-11-14T10:27:53.566139+01:00,True,"{""example_source"": ""Pacific/Australasian P/Cs (Burridge 2008: 594)""}",base,87,Attributive adjectival modifiers follow head noun,bikpela sospen ain ‘a big iron saucepan’,,1
88,2013-11-14T10:27:53.566414+01:00,2013-11-14T10:27:53.566416+01:00,True,"{""example_source"": ""Kortmann/Szmrecsanyi (2004)""}",base,88,Wider range of uses of progressive be + V-ing than in StE: extension to stative verbs,Iʼm liking this; What are you wanting?,,1
89,2013-11-14T10:27:53.566689+01:00,2013-11-14T10:27:53.566692+01:00,True,"{""example_source"": ""HKE (ICE-HK:W1B-010#114:2)""}",base,89,Wider range of uses of progressive be + V-ing than in StE: extension to habitual contexts,"My holiday (Saturday, Sunday), I am usually going to library, China town, city, etc.",,1
90,2013-11-14T10:27:53.566968+01:00,2013-11-14T10:27:53.566971+01:00,True,"{""example_source"": ""Kortmann/Szmrecsanyi (2004)""}",base,90,Invariant be as habitual marker,He be sick ‘He is always/usually sick’,,1
91,2013-11-14T10:27:53.567242+01:00,2013-11-14T10:27:53.567245+01:00,True,"{""example_source"": ""Kortmann/Szmrecsanyi (2004)""}",base,91,Do as habitual marker,He does catch fish pretty.,,1
92,2013-11-14T10:27:53.567515+01:00,2013-11-14T10:27:53.567518+01:00,True,"{""example_source"": ""Kortmann/Szmrecsanyi (2004)""}",base,92,Other non-standard habitual markers: synthetic,I drinks three and four cups to a meal.,,1
93,2013-11-14T10:27:53.567789+01:00,2013-11-14T10:27:53.567792+01:00,True,"{""example_source"": ""Kortmann/Szmrecsanyi (2004); Bislama, (Crowley 2008: 455) (modified)""}",base,93,Other non-standard habitual markers: analytic,He do be sick a lot; Me stap ronron ‘I jog [every day]’,,1
94,2013-11-14T10:27:53.568068+01:00,2013-11-14T10:27:53.568071+01:00,True,"{""example_source"": ""bothTok Pisin (Smith 2008: 500; Jeff Siegel p.c.)""}",base,94,Progressive marker stap or stay,Ol i wokabout i stap ‘they are walking’; Hem i stap kaekae ‘He is eating’,,1
95,2013-11-14T10:27:53.568346+01:00,2013-11-14T10:27:53.568349+01:00,True,"{""example_source"": ""Kortmann/Szmrecsanyi (2004)""}",base,95,Be sat/stood with progressive meaning,When youʼre stood [‘are standing’] there you can see the flames.,,1
96,2013-11-14T10:27:53.568623+01:00,2013-11-14T10:27:53.568626+01:00,True,"{""example_source"": ""ScE (Miller 2008: 308)""}",base,96,There with past participle in resultative contexts,There’s something fallen down the sink .,,1
97,2013-11-14T10:27:53.568898+01:00,2013-11-14T10:27:53.568900+01:00,True,"{""example_source"": ""IrE (Filppula 2008: 330)""}",base,97,Medial object perfect,And you eat nothing till you have the stations made.,,1
98,2013-11-14T10:27:53.569193+01:00,2013-11-14T10:27:53.569196+01:00,True,"{""example_source"": ""Kortmann/Szmrecsanyi (2004)""}",base,98,After-perfect,Sheʼs after selling the boat ‘She has just sold the boat’,,1
99,2013-11-14T10:27:53.569511+01:00,2013-11-14T10:27:53.569513+01:00,True,"{""example_source"": ""Kortmann/Szmrecsanyi (2004)""}",base,99,Levelling of the difference between present perfect and simple past: simple past for StE present perfect,Were you ever in London?,,1
100,2013-11-14T10:27:53.569797+01:00,2013-11-14T10:27:53.569799+01:00,True,"{""example_source"": ""Kortmann/Szmrecsanyi (2004)""}",base,100,Levelling of the difference between present perfect and simple past: present perfect for StE simple past,Some of us have been to New York years ago.,,1
101,2013-11-14T10:27:53.570080+01:00,2013-11-14T10:27:53.570083+01:00,True,"{""example_source"": ""IrE, (Filppula 2008: 331); IrE (Hickey 2004: 611); SAfE (Mesthrie 2008c: 626)""}",base,101,Simple present for continuative or experiential perfect,I’m in here about four months; I know her since she was a child; I’m here for twenty years,,1
102,2013-11-14T10:27:53.570364+01:00,2013-11-14T10:27:53.570366+01:00,True,"{""example_source"": ""Kortmann/Szmrecsanyi (2004)""}",base,102,Be as perfect auxiliary,Theyʼre not left school yet.,,1
103,2013-11-14T10:27:53.570641+01:00,2013-11-14T10:27:53.570644+01:00,True,"{""example_source"": ""Kortmann/Szmrecsanyi (2004); BK""}",base,103,Do as unstressed tense marker,This man what do own this; That girl what did smile at me,,1
104,2013-11-14T10:27:53.570932+01:00,2013-11-14T10:27:53.570934+01:00,True,"{""example_source"": ""Kortmann/Szmrecsanyi (2004)""}",base,104,Completive/perfect done,He done go fishing; You don ate what I has sent you?,,1
105,2013-11-14T10:27:53.571208+01:00,2013-11-14T10:27:53.571211+01:00,True,"{""example_source"": ""EAAVE (Schneider 2008: 765)""}",base,105,Completive/perfect have/be + done + past participle,He is done gone .,,1
106,2013-11-14T10:27:53.571487+01:00,2013-11-14T10:27:53.571490+01:00,True,"{""example_source"": ""AAVE (Schneider 2008: 765)""}",base,106,“Sequential” or “irrealis” be done,"If you love your enemies, they be done eat you alive in this society .",,1
107,2013-11-14T10:27:53.571775+01:00,2013-11-14T10:27:53.571778+01:00,True,"{""example_source"": ""SEAmE (Wolfram 2008a: 477)""}",base,107,Completive/perfect marker slam,I slam told you not to mess up.,,1
108,2013-11-14T10:27:53.572056+01:00,2013-11-14T10:27:53.572059+01:00,True,"{""example_source"": ""Mesthrie/Bhatt (2008: 63)""}",base,108,Ever as marker of experiential perfect,I ever see the movie ‘I have seen the movie’,,1
109,2013-11-14T10:27:53.572338+01:00,2013-11-14T10:27:53.572341+01:00,True,"{""example_source"": ""Cape Flats E (McCormick 2008: 523)""}",base,109,Perfect marker already,We did move here a week already ‘We had moved here a week previously’; Were you there already? ‘Have you been there before?’,,1
110,2013-11-14T10:27:53.572621+01:00,2013-11-14T10:27:53.572623+01:00,True,"{""example_source"": ""Solomon Islands Pijin (Jourdan 2008: 481)""}",base,110,Finish-derived completive markers,Wakum gaden blong mifala finis ‘I have completed my work in our garden’,,1
111,2013-11-14T10:27:53.572898+01:00,2013-11-14T10:27:53.572900+01:00,True,"{""example_source"": ""Kortmann/Szmrecsanyi (2004)""}",base,111,Past tense/anterior marker been,I been cut the bread.,,1
112,2013-11-14T10:27:53.573187+01:00,2013-11-14T10:27:53.573190+01:00,True,"{""example_source"": ""St.Lucian C (Aceto 2008: 658)""}",base,112,Anterior had + bare root,"Hii had iit do bred biifoh hii goo tuu skuul ‘he ate the bread before he went to school’,",,1
113,2013-11-14T10:27:53.573466+01:00,2013-11-14T10:27:53.573469+01:00,True,"{""example_source"": ""Kortmann/Szmrecsanyi (2004)""}",base,113,Loosening of sequence of tenses rule,I noticed the van I came in ‘I noticed the van I had come in’,,1
114,2013-11-14T10:27:53.573746+01:00,2013-11-14T10:27:53.573749+01:00,True,"{""example_source"": ""Gullah (Mufwene 2008: 563); Turks Islands E (Aceto 2008: p. 653)""}",base,114,Go-based future markers,e.g. Uh ain ga go nowhere ‘I won’t go anywhere’; He gon build my house,,1
115,2013-11-14T10:27:53.574027+01:00,2013-11-14T10:27:53.574029+01:00,True,"{""example_source"": ""BelC (Escure 2008: 752); Tok Pisin (Smith 2008: 498)""}",base,115,Volition-based future markers other than will,A tel dem pipl da nobadi els wan de da kampʼI told them that nobody else will be at the campʼ; Em i laik go long gaden ʼhe likes/is about to go to the gardenʼ,,1
116,2013-11-14T10:27:53.574307+01:00,2013-11-14T10:27:53.574310+01:00,True,"{""example_source"": ""GhE (Huber/Dako 2008: 370)""}",base,116,Come-based future/ingressive markers,I am coming to cook your meal  ‘I am about to cook your meal’,,1
117,2013-11-14T10:27:53.574584+01:00,2013-11-14T10:27:53.574587+01:00,True,"{""example_source"": ""SgE (Mesthrie/Bhatt 2008: 60)\u00a0(modified)""}",base,117,Present tense forms for neutral future reference,I think I make one new dress for Chinese New Year.,,1
118,2013-11-14T10:27:53.574866+01:00,2013-11-14T10:27:53.574869+01:00,True,"{""example_source"": ""StHE (Wilson/Mesthrie 2008: 539); Lancashire (Upton et al. 1994: 501)""}",base,118,Is for am/will with 1st person singular,I’s going to town ‘I am/will be going to town’ ; I’s not ‘I won’t’,,1
119,2013-11-14T10:27:53.575146+01:00,2013-11-14T10:27:53.575149+01:00,True,"{""example_source"": ""MalE (Baskaran 2008: 613)""}",base,119,Would for (distant) future in contrast to will (immediate future),I would eat/would be eating rice tomorrow,,1
120,2013-11-14T10:27:53.575424+01:00,2013-11-14T10:27:53.575426+01:00,True,"{""example_source"": ""Kortmann/Szmrecsanyi (2004)""}",base,120,Would in if-clauses,If Iʼd be you…,,1
121,2013-11-14T10:27:53.575700+01:00,2013-11-14T10:27:53.575702+01:00,True,"{""example_source"": ""Kortmann/Szmrecsanyi (2004)""}",base,121,Double modals,I tell you what we might should do.,,1
122,2013-11-14T10:27:53.575977+01:00,2013-11-14T10:27:53.575980+01:00,True,"{""example_source"": ""Kortmann/Szmrecsanyi (2004)""}",base,122,Epistemic mustn’t,This mustnʼt [‘canʼt’] be true.,,1
123,2013-11-14T10:27:53.576256+01:00,2013-11-14T10:27:53.576258+01:00,True,"{""example_source"": ""BlSAfE (Mesthrie 2008b: 490f.)""}",base,123,Present tense forms of modals used where StE has past tense forms,"I wish that people in the world will [‘would’] get educated;[...] they can [‘might’] be wild, but theyʼre human beings",,1
124,2013-11-14T10:27:53.576537+01:00,2013-11-14T10:27:53.576539+01:00,True,"{""example_source"": ""Midwestern CollAmE (Schneider 2008: 771)""}",base,124,Want/need + past participle,The cat wants petted; The car needs washed,,1
125,2013-11-14T10:27:53.576814+01:00,2013-11-14T10:27:53.576817+01:00,True,"{""example_source"": ""Southern AmE (Hickey 2004: 606); AppE (Montgomery 2008: 437)""}",base,125,New quasi-modals: core modal meanings,We liketa drowned that day ‘we almost drowned that day’; He belongs to come here today ‘he ought to come here today’,,1
126,2013-11-14T10:27:53.577098+01:00,2013-11-14T10:27:53.577101+01:00,True,"{""example_source"": ""Southern AmE (Hickey 2004: 606); AAVE (Wolfram 2008b: 521); OzE (Murray/Smith 2008: 416)""}",base,126,New quasi-modals: aspectual meanings,Theyʼre fixinʼ to leave town ‘theyʼre about to leave’; Iʼm finna go‘Iʼm about to go’; It useta didnʼt matter whether you walked in late or not ‘[Formerly] it didnʼt matter...’,,1
127,2013-11-14T10:27:53.577418+01:00,2013-11-14T10:27:53.577421+01:00,True,"{""example_source"": ""IndE (Bhatt 2008: 553); WhSAfE (Bowerman 2008: 477)""}",base,127,Non-standard use of modals for politeness reasons,This furniture may be [‘is to be’] removed tomorrow; Must I make you some tea? ‘Shall I…’,,1
128,2013-11-14T10:27:53.577801+01:00,2013-11-14T10:27:53.577804+01:00,True,"{""example_source"": ""Kortmann/Szmrecsanyi (2004)""}",base,128,Levelling of past tense/past participle verb forms: regularization of irregular verb paradigms,catch-catched-catched,,1
129,2013-11-14T10:27:53.578122+01:00,2013-11-14T10:27:53.578125+01:00,True,"{""example_source"": ""Kortmann/Szmrecsanyi (2004)""}",base,129,Levelling of past tense/past participle verb forms: unmarked forms,frequent with give and run,,1
165,2013-11-14T10:27:53.588395+01:00,2013-11-14T10:27:53.588398+01:00,True,"{""example_source"": ""Kortmann/Szmrecsanyi (2004)""}",base,165,Invariant non-concord tags,"They had them in their hair, innit?",,1
130,2013-11-14T10:27:53.578408+01:00,2013-11-14T10:27:53.578410+01:00,True,"{""example_source"": ""Kortmann/Szmrecsanyi (2004)""}",base,130,Levelling of past tense/past participle verb forms: past tense replacing the past participle,He had went,,1
131,2013-11-14T10:27:53.578721+01:00,2013-11-14T10:27:53.578724+01:00,True,"{""example_source"": ""Kortmann/Szmrecsanyi (2004)""}",base,131,Levelling of past tense/past participle verb forms: past participle replacing the past tense form,He gone to Mary.,,1
132,2013-11-14T10:27:53.579009+01:00,2013-11-14T10:27:53.579012+01:00,True,"{""example_source"": ""Kortmann/Szmrecsanyi (2004)""}",base,132,Zero past tense forms of regular verbs,I walk  ‘I walked’ [but not That door bin close ‘The door closed’],,1
133,2013-11-14T10:27:53.579294+01:00,2013-11-14T10:27:53.579297+01:00,True,"{""example_source"": ""AbE (Malcolm 2008: 428)""}",base,133,Double marking of past tense,camed; didnʼt stayed,,1
134,2013-11-14T10:27:53.579576+01:00,2013-11-14T10:27:53.579579+01:00,True,"{""example_source"": ""Kortmann/Szmrecsanyi (2004)""}",base,134,A-prefixing on ing-forms,They wasnʼt a-doinʼ nothinʼ wrong.,,1
135,2013-11-14T10:27:53.579854+01:00,2013-11-14T10:27:53.579857+01:00,True,"{""example_source"": ""NfldE (Schneider 2008: 768)""}",base,135,A-prefixing on elements other than ing-forms,a-back; acome,,1
136,2013-11-14T10:27:53.580132+01:00,2013-11-14T10:27:53.580135+01:00,True,"{""example_source"": ""O&SE (Kortmann 2008: 482)""}",base,136,Special inflected forms of be,bees for present subjunctive,,1
137,2013-11-14T10:27:53.580411+01:00,2013-11-14T10:27:53.580414+01:00,True,"{""example_source"": ""Upton et al. (1994: 498)""}",base,137,Special inflected forms of do,I junt ‘I don’t’,,1
138,2013-11-14T10:27:53.580690+01:00,2013-11-14T10:27:53.580693+01:00,True,"{""example_source"": ""Upton et al. (1994: 499)""}",base,138,Special inflected forms of have,he amn’t ‘he hasn’t’,,1
139,2013-11-14T10:27:53.580969+01:00,2013-11-14T10:27:53.580971+01:00,True,"{""example_source"": ""Southeast (Kortmann 2008: 482); second one for have is constructed""}",base,139,Distinctive forms for auxiliary vs. full verb meanings of primary verbs,"She done it, didnʼt she?; We has a muck round here [full verb] vs. We havenʼt been there since we got married[auxiliary]",,1
140,2013-11-14T10:27:53.581263+01:00,2013-11-14T10:27:53.581266+01:00,True,"{""example_source"": ""JamC (Patrick 2008: 624)""}",base,140,Other forms/phrases for copula ʼbeʼ: before NPs,Ebry day da fishing day… ‘Every day is a day for fishing…’,,1
141,2013-11-14T10:27:53.581614+01:00,2013-11-14T10:27:53.581617+01:00,True,"{""example_source"": ""Sranan (Winford/Migge 2008: 702)""}",base,141,Other forms/phrases for copula ʼbeʼ: before locatives,Den pikin ben de na skoro ‘The children were at school’,,1
142,2013-11-14T10:27:53.581912+01:00,2013-11-14T10:27:53.581915+01:00,True,"{""example_source"": ""HawC (Burridge 2008: 598)""}",base,142,Other forms/phrases for copula ʼbeʼ: before AdjPs,Shi stei sik ‘She is sick’,,1
143,2013-11-14T10:27:53.582198+01:00,2013-11-14T10:27:53.582200+01:00,True,"{""example_source"": ""TorSC (Burridge 2008: 595)""}",base,143,Transitive verb suffix -em/-im/-um,Mi bin bai-im kaikai ‘I bought-TR some food’,,1
144,2013-11-14T10:27:53.582475+01:00,2013-11-14T10:27:53.582478+01:00,True,"{""example_source"": ""Kortmann (2005: 263)""}",base,144,Use of gotten and got with distinct meanings (dynamic vs. static),Theyʼve gotten a new car [‘have received’] vs. Theyʼve got a new car [‘possess’]; Theyʼve gotten interested [‘developed an interest’] vs. Theyʼve got interested [‘are interested’],,1
145,2013-11-14T10:27:53.582763+01:00,2013-11-14T10:27:53.582767+01:00,True,"{""example_source"": ""NigE (google; URL: http://www.naijahotjobs.com/archive-junks/6365-finbank-has-gotten-new-career-website.html, accessed 19 May 2011)""}",base,145,Use of gotten instead of got,Finbank has gotten a new career website[‘possess’],,1
146,2013-11-14T10:27:53.583050+01:00,2013-11-14T10:27:53.583053+01:00,True,"{""example_source"": ""HKE (ICE-HK:W1B-010#230:4); Yorkshire (Upton et al. 1994: 490)""}",base,146,Use of verbal suffix -ing with forms other than present participle/gerund,I can driving now; Thou wants thy tow [‘hair’] cutting,,1
147,2013-11-14T10:27:53.583331+01:00,2013-11-14T10:27:53.583334+01:00,True,"{""example_source"": ""constructed (KL)""}",base,147,Was for conditional were,If I was you,,1
148,2013-11-14T10:27:53.583612+01:00,2013-11-14T10:27:53.583615+01:00,True,"{""example_source"": ""Kortmann/Szmrecsanyi (2004)""}",base,148,"Serial verbs: give = ʼto, forʼ",Karibuk giv mi [lit.: carry-book give me] ‘Give the book to me’,,1
149,2013-11-14T10:27:53.583896+01:00,2013-11-14T10:27:53.583899+01:00,True,"{""example_source"": ""JamC (Patrick 2007: 141)""}",base,149,Serial verbs: go = ʼmovement away fromʼ,Yu a tek di bos go Kingstan? [lit.: you PROG take the bus go Kingston] ‘Are you taking the bus to Kingston?’,,1
150,2013-11-14T10:27:53.584179+01:00,2013-11-14T10:27:53.584182+01:00,True,"{""example_source"": ""Krio (Yillah/Corcoran 2007: 189)""}",base,150,Serial verbs: come = ʼmovement towardsʼ,Den bring den kam [lit.: them bring them come] ‘They brought them back’,,1
151,2013-11-14T10:27:53.584463+01:00,2013-11-14T10:27:53.584466+01:00,True,"{""example_source"": ""JamC (Patrick 2007: 141)""}",base,151,Serial verbs: constructions with 3 verbs,Im wan mi fi go kya im kom [lit.: him want me for go carry him come] ‘He wants me to bring him’,,1
152,2013-11-14T10:27:53.584747+01:00,2013-11-14T10:27:53.584749+01:00,True,"{""example_source"": ""Krio (Yillah/Corcoran 2007: 189)""}",base,152,Serial verbs: constructions with 4 or more verbs,Agnes ron komot go lef in mama na makit [lit.: Agnes run come-out go leave POSS mama LOC market] ʼAgnes rushed out to drop her mother off at the marketʼ,,1
153,2013-11-14T10:27:53.585030+01:00,2013-11-14T10:27:53.585033+01:00,True,"{""example_source"": ""SgE (Mesthrie/Bhatt 2008: 85)""}",base,153,Give passive: NP1 (patient) + give + NP2 (agent) + V,John give his boss scold ‘John was scolded by his boss’ (implying that John gave his boss reason to scold him),,1
154,2013-11-14T10:27:53.585324+01:00,2013-11-14T10:27:53.585326+01:00,True,"{""example_source"": ""Kortmann/Szmrecsanyi (2004)""}",base,154,Multiple negation / negative concord,He wonʼt do no harm.,,1
155,2013-11-14T10:27:53.585605+01:00,2013-11-14T10:27:53.585607+01:00,True,"{""example_source"": ""Kortmann/Szmrecsanyi (2004)""}",base,155,Ain’t as the negated form of be,"Theyʼre all in there, ainʼt they?",,1
156,2013-11-14T10:27:53.585887+01:00,2013-11-14T10:27:53.585890+01:00,True,"{""example_source"": ""Kortmann/Szmrecsanyi (2004)""}",base,156,Ainʼt as the negated form of have,I ainʼt had a look at them yet.,,1
157,2013-11-14T10:27:53.586169+01:00,2013-11-14T10:27:53.586171+01:00,True,"{""example_source"": ""Kortmann/Szmrecsanyi (2004)""}",base,157,Ainʼt as generic negator before a main verb,Something I ainʼt know about,,1
158,2013-11-14T10:27:53.586450+01:00,2013-11-14T10:27:53.586453+01:00,True,"{""example_source"": ""Kortmann/Szmrecsanyi (2004)""}",base,158,Invariant don’t for all persons in the present tense,He donʼt like me.,,1
159,2013-11-14T10:27:53.586730+01:00,2013-11-14T10:27:53.586733+01:00,True,"{""example_source"": ""Kortmann/Szmrecsanyi (2004)""}",base,159,Never as preverbal past tense negator,He never came ‘He didnʼt come’,,1
160,2013-11-14T10:27:53.587009+01:00,2013-11-14T10:27:53.587012+01:00,True,"{""example_source"": ""Kortmann/Szmrecsanyi (2004)""}",base,160,No as preverbal negator,Me no iit brekfus,,1
161,2013-11-14T10:27:53.587285+01:00,2013-11-14T10:27:53.587288+01:00,True,"{""example_source"": ""AbE (Burridge 2008: 590)""}",base,161,Not as a preverbal negator,Nail not float,,1
162,2013-11-14T10:27:53.587562+01:00,2013-11-14T10:27:53.587565+01:00,True,"{""example_source"": ""HawC (Burridge 2008: 597)""}",base,162,No more/nomo as negative existential marker,Nomo nating insai dea ‘There isnʼt anything in there’,,1
163,2013-11-14T10:27:53.587840+01:00,2013-11-14T10:27:53.587843+01:00,True,"{""example_source"": ""Kortmann/Szmrecsanyi (2004)""}",base,163,Was – weren’t split,"The boys was interested, but Mary werenʼt.",,1
164,2013-11-14T10:27:53.588118+01:00,2013-11-14T10:27:53.588121+01:00,True,"{""example_source"": ""Kortmann (2008: 484)""}",base,164,Amnʼt in tag questions,"Iʼm here, amnʼt I?",,1
166,2013-11-14T10:27:53.588676+01:00,2013-11-14T10:27:53.588679+01:00,True,"{""example_source"": ""SgE (Wee 2008: 599); SgE (Mesthrie/Bhatt 2008: 86)""}",base,166,Invariant tag can or not?,"I want to go home, can or not? ‘Can I go home?’; Answer the question, can or not? ‘Do you know the answer to the question?’",,1
167,2013-11-14T10:27:53.588998+01:00,2013-11-14T10:27:53.589001+01:00,True,"{""example_source"": ""(Mesthrie/Bhatt 2008: 86)""}",base,167,Fronted invariant tag,"Isn’t, I can colour this red? ‘I can colour this red, can’t I?’",,1
168,2013-11-14T10:27:53.589319+01:00,2013-11-14T10:27:53.589322+01:00,True,"{""example_source"": ""Norfuk (M\u00fchlh\u00e4usler 2008: 574)""}",base,168,Special negative verbs in imperatives,Du miek agli ‘donʼt pull a face’,,1
169,2013-11-14T10:27:53.589598+01:00,2013-11-14T10:27:53.589601+01:00,True,"{""example_source"": ""BlSAfE (Mesthrie 2008a: 492); EAfE and WAfE (Mesthrie/Bhatt 2008: 87f.)""}",base,169,Non-standard system underlying responses to negative yes/no questions,"Isnʼt he arriving tomorrow? - Yes [= ‘No, he isnʼt’]/No [= ‘Yes, he is’]",,1
170,2013-11-14T10:27:53.589881+01:00,2013-11-14T10:27:53.589883+01:00,True,"{""example_source"": ""Kortmann/Szmrecsanyi (2004)""}",base,170,Invariant present tense forms due to zero marking for the third person singular,So she show up and say “Whatʼs up?”,,1
171,2013-11-14T10:27:53.590158+01:00,2013-11-14T10:27:53.590161+01:00,True,"{""example_source"": ""Kortmann/Szmrecsanyi (2004)""}",base,171,Invariant present tense forms due to generalization of 3rd person –s to all persons,I sees the house.,,1
172,2013-11-14T10:27:53.590439+01:00,2013-11-14T10:27:53.590442+01:00,True,"{""example_source"": ""Kortmann/Szmrecsanyi (2004)""}",base,172,Existential / presentational there’s/there is/there was with plural subjects,Thereʼs two men waiting in the hall.,,1
173,2013-11-14T10:27:53.590716+01:00,2013-11-14T10:27:53.590719+01:00,True,"{""example_source"": ""AppE (Montgomery 2008: 278); SEAmE (Wolfram 2008a: 484); BelC (Escure 2008: 758)""}",base,173,Variant forms of dummy subject there in existential clauses,They is something bad wrong with her; Itʼs a new person here ‘Thereʼs a new person here’; Ø ga li aystaz we grow pan dem [lit.: got little oysters REL grow on them] ‘There are small oysters growing (on the mangrove trees)’,,1
174,2013-11-14T10:27:53.591000+01:00,2013-11-14T10:27:53.591003+01:00,True,"{""example_source"": ""HKE (ICE-HK:S1A-030#X132:1:Z)""}",base,174,Deletion of auxiliary be: before progressive,So you Ø always thinking about where where you go to work.,,1
175,2013-11-14T10:27:53.591276+01:00,2013-11-14T10:27:53.591279+01:00,True,"{""example_source"": ""constructed""}",base,175,Deletion of auxiliary be: before gonna,I Ø gonna go work.,,1
176,2013-11-14T10:27:53.591554+01:00,2013-11-14T10:27:53.591557+01:00,True,"{""example_source"": ""constructed""}",base,176,Deletion of copula be: before NPs,He Ø a good teacher.,,1
177,2013-11-14T10:27:53.591874+01:00,2013-11-14T10:27:53.591877+01:00,True,"{""example_source"": ""Kortmann/Szmrecsanyi (2004)""}",base,177,Deletion of copula be: before AdjPs,She Ø smart.,,1
178,2013-11-14T10:27:53.592158+01:00,2013-11-14T10:27:53.592161+01:00,True,"{""example_source"": ""constructed""}",base,178,Deletion of copula be: before locatives,She Ø at home.,,1
179,2013-11-14T10:27:53.592442+01:00,2013-11-14T10:27:53.592445+01:00,True,"{""example_source"": ""Kortmann/Szmrecsanyi (2004)""}",base,179,Deletion of auxiliary have,I Ø eaten my lunch.,,1
180,2013-11-14T10:27:53.592723+01:00,2013-11-14T10:27:53.592726+01:00,True,"{""example_source"": ""Kortmann/Szmrecsanyi (2004)""}",base,180,Was/were generalization,You were hungry but he were thirsty; or: You was hungry but he was thirsty,,1
181,2013-11-14T10:27:53.593002+01:00,2013-11-14T10:27:53.593004+01:00,True,"{""example_source"": ""Kortmann/Szmrecsanyi (2004)""}",base,181,Agreement sensitive to subject type,birds sings vs. they sing,,1
182,2013-11-14T10:27:53.593290+01:00,2013-11-14T10:27:53.593293+01:00,True,"{""example_source"": ""Kortmann/Szmrecsanyi (2004)""}",base,182,Agreement sensitive to position of subject,I sing and dances,,1
183,2013-11-14T10:27:53.593571+01:00,2013-11-14T10:27:53.593574+01:00,True,"{""example_source"": ""Kortmann/Szmrecsanyi (2004)""}",base,183,Northern Subject Rule,I sing [vs. *I sings]; birds sings; I sing and dances,,1
184,2013-11-14T10:27:53.593848+01:00,2013-11-14T10:27:53.593851+01:00,True,"{""example_source"": ""EA (Kortmann 2008: 482); AbE (Burridge 2008: 589)""}",base,184,Invariant be with non-habitual function,Here I be (presentational); I be cold (copula),,1
185,2013-11-14T10:27:53.594127+01:00,2013-11-14T10:27:53.594129+01:00,True,"{""example_source"": ""Kortmann/Szmrecsanyi (2004)""}",base,185,Relativizer that or what  in non-restrictive contexts,"My daughter, that/what lives in London,…",,1
186,2013-11-14T10:27:53.594405+01:00,2013-11-14T10:27:53.594408+01:00,True,"{""example_source"": ""Kortmann/Szmrecsanyi (2004)""}",base,186,Which for ‘who’,"my brother, which...",,1
187,2013-11-14T10:27:53.594685+01:00,2013-11-14T10:27:53.594688+01:00,True,"{""example_source"": ""Kortmann/Szmrecsanyi (2004)""}",base,187,Relativizer as,He was a chap as got a living anyhow,,1
188,2013-11-14T10:27:53.594962+01:00,2013-11-14T10:27:53.594965+01:00,True,"{""example_source"": ""Kent (Upton et al. 1994: ?)""}",base,188,Relativizer at,This is the man at painted my house,,1
189,2013-11-14T10:27:53.595253+01:00,2013-11-14T10:27:53.595256+01:00,True,"{""example_source"": ""EAAVE (Kautzsch 2008: 543)""}",base,189,Relativizer where or a form derived from where,My father was one of the founders oʼ de Underground Railroad where help de slaves to run way to de North,,1
190,2013-11-14T10:27:53.595534+01:00,2013-11-14T10:27:53.595536+01:00,True,"{""example_source"": ""Kortmann/Szmrecsanyi (2004); Krio (Yillah/Corcoran 2007:185)""}",base,190,Relativizer what or a form derived from what,This is the man what painted my house; Di man wo tif di granat don go ‘The man who stole the peanuts has gone’,,1
191,2013-11-14T10:27:53.595818+01:00,2013-11-14T10:27:53.595821+01:00,True,"{""example_source"": ""EAAVE (Schneider 2008: 770)""}",base,191,Relativizer doubling,"But these, these little fellahs that which had stayed befoʼ God prayinʼ…",,1
192,2013-11-14T10:27:53.596099+01:00,2013-11-14T10:27:53.596101+01:00,True,"{""example_source"": ""Kortmann/Szmrecsanyi (2004)""}",base,192,"Use of analytic or cliticized that his/that’s, what his/what’s, at’s, who his instead of whose",the man whatʼs wife has died,,1
193,2013-11-14T10:27:53.596375+01:00,2013-11-14T10:27:53.596377+01:00,True,"{""example_source"": ""Kortmann/Szmrecsanyi (2004)""}",base,193,Gapping/zero-relativization in subject position,The man Ø lives there is a nice chap.,,1
194,2013-11-14T10:27:53.596648+01:00,2013-11-14T10:27:53.596651+01:00,True,"{""example_source"": ""Kortmann/Szmrecsanyi (2004)""}",base,194,Resumptive/shadow pronouns,This is the house which I painted it yesterday.,,1
195,2013-11-14T10:27:53.596925+01:00,2013-11-14T10:27:53.596928+01:00,True,"{""example_source"": ""Burridge (2008: 597)""}",base,195,Postposed one as sole relativizer,That boy pinch my sister one very naughty ‘That boy who pinched my sister is very naughty’,,1
196,2013-11-14T10:27:53.597226+01:00,2013-11-14T10:27:53.597229+01:00,True,"{""example_source"": ""(Mesthrie/Bhatt 2008:83)""}",base,196,Correlative constructions,"Which-one I put in the jar, that-one is good ‘The ones [pickles] I put in the jar are best’",,1
197,2013-11-14T10:27:53.597504+01:00,2013-11-14T10:27:53.597507+01:00,True,"{""example_source"": ""AusE (Burridge 2008: 592)""}",base,197,“Linking relative clauses”,…unless you are going to get 88 which some universities are not going to give those marks,,1
198,2013-11-14T10:27:53.597780+01:00,2013-11-14T10:27:53.597783+01:00,True,"{""example_source"": ""AfE (Mesthrie 2008c: 629)""}",base,198,Deletion of stranded prepositions in relative clauses (“preposition chopping”),…like a big yard that you do gardening anʼall [in deleted],,1
199,2013-11-14T10:27:53.598058+01:00,2013-11-14T10:27:53.598061+01:00,True,"{""example_source"": ""South Asian E (Mesthrie 2008c: 629)""}",base,199,Reduced relative phrases preceding head-noun,That Neelaʼs-knitted jersey is gone white ‘That jersey which Neela knitted/knitted by Neela has gone white’,,1
200,2013-11-14T10:27:53.598334+01:00,2013-11-14T10:27:53.598337+01:00,True,"{""example_source"": ""Gullah (Mufwene 2008: 566)""}",base,200,Say-based complementizers,We hear say you gone to da city ‘We heard that you [were] gone to the city’,,1
201,2013-11-14T10:27:53.598647+01:00,2013-11-14T10:27:53.598650+01:00,True,"{""example_source"": ""JamC (Patrick 2008: 627)""}",base,201,For-based complementizers,I hard fi kraas di riba ‘It’s hard to cross the river’,,1
202,2013-11-14T10:27:53.598923+01:00,2013-11-14T10:27:53.598926+01:00,True,"{""example_source"": ""Kortmann/Szmrecsanyi (2004)""}",base,202,Unsplit for to in infinitival purpose clauses,We always had gutters in the winter time for to drain the water away.,,1
203,2013-11-14T10:27:53.599199+01:00,2013-11-14T10:27:53.599201+01:00,True,"{""example_source"": ""ScE (Miller 2008: 318)""}",base,203,For (to) as infinitive marker,You werenae allowed at this time for to go and take another job on.,,1
204,2013-11-14T10:27:53.599475+01:00,2013-11-14T10:27:53.599478+01:00,True,"{""example_source"": ""Kortmann/Szmrecsanyi (2004)""}",base,204,As what / than what in comparative clauses,Itʼs harder than what you think it is.,,1
205,2013-11-14T10:27:53.599753+01:00,2013-11-14T10:27:53.599755+01:00,True,"{""example_source"": ""AbE (Burridge 2008: 589); Trin/TobC (James/Youssef 2008: 681)""}",base,205,Existentials with forms of get,E got some sand there ‘There is some sand’; Ova hyee get tumoch bush ‘Thereʼs too much bush over here’,,1
206,2013-11-14T10:27:53.600035+01:00,2013-11-14T10:27:53.600038+01:00,True,"{""example_source"": ""Ndyuka (Huttar 2007: 229)""}",base,206,Existentials with forms of have,Ma yu abi son mma tu di man dede kaba [lit.: But you have some woman REL the man die PRF] ‘But there are some women whose husbands have already died’,,1
207,2013-11-14T10:27:53.600314+01:00,2013-11-14T10:27:53.600317+01:00,True,"{""example_source"": ""IndE, PakE (Mesthrie 2008c: 629)""}",base,207,Substitution of that-clause for infinitival subclause,I wanted that I should get leave .,,1
208,2013-11-14T10:27:53.600594+01:00,2013-11-14T10:27:53.600596+01:00,True,"{""example_source"": ""NigE, EAfE (Mesthrie 2008c: 629)""}",base,208,Deletion of to before infinitives,Allow him Ø go.,,1
209,2013-11-14T10:27:53.600870+01:00,2013-11-14T10:27:53.600873+01:00,True,"{""example_source"": ""BlSAfE (Mesthrie/Bhatt 2008: 91)""}",base,209,Addition of to where StE has bare infinitive,He made me to do it.,,1
210,2013-11-14T10:27:53.601167+01:00,2013-11-14T10:27:53.601170+01:00,True,"{""example_source"": ""JamC (Patrick 2008: 627) (modified)""}",base,210,Non-finite clause complements with bare root form rather than -ing form,Him start tell di cousins all sort a someting ‘He started telling the cousins all kinds of things’,,1
211,2013-11-14T10:27:53.601453+01:00,2013-11-14T10:27:53.601456+01:00,True,"{""example_source"": ""ScE (Kortmann 2008: 486)""}",base,211,Clause-final but = ʼthoughʼ,Well I warnt so very cold but.,,1
212,2013-11-14T10:27:53.601755+01:00,2013-11-14T10:27:53.601758+01:00,True,"{""example_source"": ""InSAfE (Mesthrie 2008c: 633, Mesthrie/Bhatt 2008: 75)""}",base,212,Clause-final but = ʼreallyʼ,"I fright for dogs, but eh! ‘Iʼm really afraid of dogs’",,1
213,2013-11-14T10:27:53.602032+01:00,2013-11-14T10:27:53.602035+01:00,True,"{""example_source"": ""AbE (Burridge 2008:  591); SgE  (Mesthrie/Bhatt 2008: 74)""}",base,213,No subordination; chaining construction linking two main verbs (motion and activity),"I bin go dere work; Stay longer, they have to over-charge ‘If you stay longer, they have to charge more’",,1
214,2013-11-14T10:27:53.602313+01:00,2013-11-14T10:27:53.602315+01:00,True,"{""example_source"": ""NigE (Alo/Mesthrie 2008: 330)""}",base,214,Conjunction doubling: clause + conj. + conj. + clause,"He has been in this school for five years, still yet he is not tired",,1
215,2013-11-14T10:27:53.602589+01:00,2013-11-14T10:27:53.602591+01:00,True,"{""example_source"": ""BlSAfE, InSAfE, NigE (Mesthrie 2008c: 633); IndSAfE (Mesthrie/Bhatt 2008: 74)""}",base,215,Conjunction doubling: correlative conj.s,"Although you are smart, but you are not appreciated; So when I was a baby, so my father-an’-them shifted to Sezela",,1
216,2013-11-14T10:27:53.602869+01:00,2013-11-14T10:27:53.602872+01:00,True,"{""example_source"": ""Southland NZE (Burridge 2008: 590); StHE, InSAfE (Mesthrie 2008c: 633); Hickey (2004: 608)""}",base,216,Omission of StE prepositions,He came out Ø hospital; She went Ø town;  We’re going there Ø Tuesday,,1
217,2013-11-14T10:27:53.603147+01:00,2013-11-14T10:27:53.603150+01:00,True,"{""example_source"": ""Navajo E (Mesthrie/Bhatt 2008: 73); basilectal IndSAfE (Mesthrie/Bhatt 2008: 71)""}",base,217,Use of postpositions,"e.g. the chalkboard under; night time ‘at night’, Telugu way ‘in Telugu’, morning  part ‘in the morning’",,1
218,2013-11-14T10:27:53.603429+01:00,2013-11-14T10:27:53.603431+01:00,True,"{""example_source"": ""(Trudgill et al. 1991: 277); AppE (Montgomery 2008: 455)""}",base,218,Affirmative anymore ‘nowadays’,That’s the trouble with airplanes any more; Anymore they have a hard time protecting things like that,,1
219,2013-11-14T10:27:53.603709+01:00,2013-11-14T10:27:53.603711+01:00,True,"{""example_source"": ""AbE (Burridge 2008: 590)""}",base,219,Adverb-forming suffixes –way and –time,"long-way, quick-way; dark-time, late-time",,1
220,2013-11-14T10:27:53.603985+01:00,2013-11-14T10:27:53.603987+01:00,True,"{""example_source"": ""Kortmann/Szmrecsanyi (2004)""}",base,220,Degree modifier adverbs have the same form as adjectives,Thatʼs real good,,1
221,2013-11-14T10:27:53.604259+01:00,2013-11-14T10:27:53.604262+01:00,True,"{""example_source"": ""Kortmann/Szmrecsanyi (2004)""}",base,221,Other adverbs have the same form as adjectives,Come quick!,,1
222,2013-11-14T10:27:53.604537+01:00,2013-11-14T10:27:53.604540+01:00,True,"{""example_source"": ""BlSAfE (Mesthrie 2008a: 497); West African Pidgin (Peter/Wolf 2007: 13);""}",base,222,Too; too much; very much ‘very’ as qualifier,It is too difficult ‘…very difficult’;  i sofa tuu motch ‘(s)he was suffering very much’,,1
223,2013-11-14T10:27:53.604820+01:00,2013-11-14T10:27:53.604823+01:00,True,"{""example_source"": ""IrE (Kortmann 2008: 490); San Juan Tewa E (Mesthrie/Bhatt 2008: 82)""}",base,223,Other options for clefting than StE,It’s looking for more land a lot of them are; They ride bikes is what I see them do,,1
224,2013-11-14T10:27:53.605100+01:00,2013-11-14T10:27:53.605103+01:00,True,"{""example_source"": ""SgE (Mesthrie/Bhatt 2008: 82)""}",base,224,Other possibilities for fronting than StE,To my sister sometime I speak English.,,1
225,2013-11-14T10:27:53.605392+01:00,2013-11-14T10:27:53.605395+01:00,True,"{""example_source"": ""Sranan (Winford/Migge 2008: 705); Krio, (Yillah/Corcoran 2007:188)""}",base,225,Sentence-initial focus marker,"A wan piki pikin boi e moksi smenti drape ‘It’s a little boy that mixes cement there’; Na mí was di kalbas ‘Me, I’m the one that washed the calabash’",,1
226,2013-11-14T10:27:53.605677+01:00,2013-11-14T10:27:53.605680+01:00,True,"{""example_source"": ""Schneider (2008: 775); AppE (Montgomery 2008: 259)""}",base,226,“Negative inversion”,"Didnʼt nobody show up ‘Nobody showed up’; Thereʼs an old house up here, but donʼt nobody live in it ‘…nobody lives in it’",,1
227,2013-11-14T10:27:53.605961+01:00,2013-11-14T10:27:53.605963+01:00,True,"{""example_source"": ""Kortmann/Szmrecsanyi (2004)""}",base,227,Inverted word order in indirect questions,Iʼm wondering what are you gonna do.,,1
228,2013-11-14T10:27:53.606240+01:00,2013-11-14T10:27:53.606242+01:00,True,"{""example_source"": ""Kortmann/Szmrecsanyi (2004); Mesthrie (2008c: 630)""}",base,228,No inversion/no auxiliaries in wh-questions,What you doing? What he wants?,,1
229,2013-11-14T10:27:53.606518+01:00,2013-11-14T10:27:53.606521+01:00,True,"{""example_source"": ""IndSAfE (Mesthrie/Bhatt 2008: 80)""}",base,229,No inversion/no auxiliaries in main clause yes/no questions,You get the point? You liked India?,,1
230,2013-11-14T10:27:53.606804+01:00,2013-11-14T10:27:53.606807+01:00,True,"{""example_source"": ""Mesthrie (2008c: 630)""}",base,230,Doubly filled COMP-position with wh-words,What who has eaten? ‘Who ate what?’,,1
231,2013-11-14T10:27:53.607090+01:00,2013-11-14T10:27:53.607092+01:00,True,"{""example_source"": ""Mesthrie/Bhatt (2008: 85)""}",base,231,Superlative marker most occurring before head noun,The most thing I like is apples ‘The thing I like most is apples’,,1
232,2013-11-14T10:27:53.607372+01:00,2013-11-14T10:27:53.607375+01:00,True,"{""example_source"": ""Kortmann (2008: 489)""}",base,232,Either order of objects in double object constructions (if both objects are pronominal),He couldn’t give him it; I tan [‘took’] it her back,,1
233,2013-11-14T10:27:53.607695+01:00,2013-11-14T10:27:53.607698+01:00,True,"{""example_source"": ""Kortmann (2008: 489)""}",base,233,Presence of subject in imperatives,Go you there!,,1
234,2013-11-14T10:27:53.607979+01:00,2013-11-14T10:27:53.607982+01:00,True,"{""example_source"": ""Kortmann/Szmrecsanyi (2004)""}",base,234,Like as a focussing device,"How did you get away with that like? Like for one found five quid, that was like three quid, like two-fifty each.",,1
235,2013-11-14T10:27:53.608265+01:00,2013-11-14T10:27:53.608268+01:00,True,"{""example_source"": ""Kortmann/Szmrecsanyi (2004)""}",base,235,Like as a quotative particle,And she was like “What do you mean?”,,1
