pk,created,updated,active,jsondata,polymorphic_type,id,name,description,markup_description,glottolog_id,google_book_search_id,bibtex_type,author,year,title,type,booktitle,editor,pages,edition,journal,school,address,url,note,number,series,volume,publisher,organization,chapter,howpublished,year_int,startpage_int,pages_int,version
1,2013-11-14T10:28:16.639961+01:00,2013-11-14T10:28:16.639970+01:00,True,{},base,aceto2008,"Aceto, Michael 2008",Eastern Caribbean English-derived language varieties: phonology,,,,incollection,"Aceto, Michael",2008,Eastern Caribbean English-derived language varieties: phonology,,Varieties of English. Vol 2. The Americas and the Caribbean,"Schneider, Edgar W.",290–311,,,,Berlin and New York,,,,Mouton textbook,,Mouton de Gruyter,,,,,,,1
2,2013-11-14T10:28:16.641678+01:00,2013-11-14T10:28:16.641688+01:00,True,{},base,allsopp1996,"Allsopp, Richard and Allsopp, Jeannette 1996",Dictionary of Caribbean English usage,,,,book,,1996,Dictionary of Caribbean English usage,,,"Allsopp, Richard and Allsopp, Jeannette",,,,,Oxford and New York,,,,,,Oxford University Press,,,,,,,1
3,2013-11-14T10:28:16.642510+01:00,2013-11-14T10:28:16.642517+01:00,True,{},base,alo2008,"Alo, M. A. and Mesthrie, Rajend 2008",Nigerian English: morphology and syntax,,,,incollection,"Alo, M. A. and Mesthrie, Rajend",2008,Nigerian English: morphology and syntax,,"Varieties of English. Vol. 4. Africa, South and Southeast Asia","Mesthrie, Rajend",323‐339,,,,Berlin and New York,,,,Mouton textbook,,Mouton de Gruyter,,,,,,,1
4,2013-11-14T10:28:16.643180+01:00,2013-11-14T10:28:16.643186+01:00,True,{},base,apics,"Michaelis, Susanne Maria and Maurer, Philippe and Haspelmath, Martin and Huber, Magnus 2013",APiCS Online,,,,book,,2013,APiCS Online,,,"Michaelis, Susanne Maria and Maurer, Philippe and Haspelmath, Martin and Huber, Magnus",,,,,Leipzig,http://apics-online.info,,,,,Max Planck Institute for Evolutionary Anthropology,,,,,,,1
5,2013-11-14T10:28:16.643774+01:00,2013-11-14T10:28:16.643779+01:00,True,{},base,apicsquestionnaire,"Michaelis, Susanne Maria and Maurer, Philippe and Haspelmath, Martin and Huber, Magnus 13.11.2010",APiCS Questionnaire,,,,misc,"Michaelis, Susanne Maria and Maurer, Philippe and Haspelmath, Martin and Huber, Magnus",13.11.2010,APiCS Questionnaire,,,,,,,,Leipzig,http://lingweb.eva.mpg.de/apics/index.php/APiCS_Questionnaire,,,,,,,,,,,,1
6,2013-11-14T10:28:16.644406+01:00,2013-11-14T10:28:16.644413+01:00,True,"{""institution"": ""Macquarie University""}",base,art,"Peters, Pam 2004-2006",Australian Radio Talkback. A subset of the Australian National Corpus,,,,misc,"Peters, Pam",2004-2006,Australian Radio Talkback. A subset of the Australian National Corpus,,,,,,,,,https://www.ausnc.org.au/corpora/art,,,,,,,,,,,,1
7,2013-11-14T10:28:16.645027+01:00,2013-11-14T10:28:16.645033+01:00,True,{},base,bailey1991,"Bailey, Guy and Maynor, Natalie and Cukor-Avila, Patricia 1991",The Emergence of Black English. Text and commentary,,,,book,,1991,The Emergence of Black English. Text and commentary,,,"Bailey, Guy and Maynor, Natalie and Cukor-Avila, Patricia",,,,,Amsterdam and Philadelphia,,,,Creole language library,8,John Benjamins,,,,,,,1
8,2013-11-14T10:28:16.645669+01:00,2013-11-14T10:28:16.645675+01:00,True,{},base,barbe1993,"Barbé, Pauline 1993",Exploring variation in Guernsey English syntax,,,,phdthesis,"Barbé, Pauline",1993,Exploring variation in Guernsey English syntax,,,,,,,University of London,London,,,,,,,,,,,,,1
9,2013-11-14T10:28:16.646265+01:00,2013-11-14T10:28:16.646271+01:00,True,{},base,bartens2003,"Bartens, Angela 2003",A Contrastive grammar. Islander Caribbean standard English - Spanish,,,,book,"Bartens, Angela",2003,A Contrastive grammar. Islander Caribbean standard English - Spanish,,,,,,,,"Helsinki, Finland",,,,Annales Academiae Scientiarum Fennicae. Humaniora,327,Finnish Academy of Science and Letters,,,,,,,1
10,2013-11-14T10:28:16.646880+01:00,2013-11-14T10:28:16.646887+01:00,True,{},base,baskaran2008,"Baskaran, Loga 2008",Malaysian English: Morphology and Syntax,,,,incollection,"Baskaran, Loga",2008,Malaysian English: Morphology and Syntax,,"Varieties of English. Vol. 4. Africa, South and Southeast Asia","Mesthrie, Rajend",610–623,,,,Berlin and New York,,,,Mouton textbook,,Mouton de Gruyter,,,,,,,1
11,2013-11-14T10:28:16.647481+01:00,2013-11-14T10:28:16.647487+01:00,True,{},base,beal2008,"Beal, Joan 2008",English Dialects in the North of England: Morphology and Syntax,,,,incollection,"Beal, Joan",2008,English Dialects in the North of England: Morphology and Syntax,,Varieties of English. Vol. 1. The British Isles,"Kortmann, Bernd and Upton, Clive",373–403,,,,Berlin and New York,,,,Mouton textbook,,Mouton de Gruyter,,,,,,,1
12,2013-11-14T10:28:16.648077+01:00,2013-11-14T10:28:16.648082+01:00,True,{},base,berlin1985,"Berlin, Ira and Fields, Barbara J. and Glymph, Thavolia and Reidy, Joseph R. and Rowland, Leslie S. 1985","Freedom. A Documentary History of Emancipation, 1861–1867. Series I, Vol. I. The Destruction of Slavery",,,,book,,1985,"Freedom. A Documentary History of Emancipation, 1861–1867. Series I, Vol. I. The Destruction of Slavery",,,"Berlin, Ira and Fields, Barbara J. and Glymph, Thavolia and Reidy, Joseph R. and Rowland, Leslie S.",,,,,Cambridge,,,,,,Cambridge University Press,,,,,,,1
13,2013-11-14T10:28:16.648670+01:00,2013-11-14T10:28:16.648675+01:00,True,{},base,berndt1979,"Berndt, Ronald Murray and Berndt, Catherine Helen 1979",Aborigines of the West : their past and their present,,,,book,,1979,Aborigines of the West : their past and their present,,,"Berndt, Ronald Murray and Berndt, Catherine Helen",,,,,"Nedlands, Australia",,,,,,University of Western Australia Press for the Education Committee of the 150th Anniversary Celebrations,,,,,,,1
14,2013-11-14T10:28:16.649265+01:00,2013-11-14T10:28:16.649271+01:00,True,{},base,bhatt2008,"Bhatt, Rakesh M. 2008",Indian English: Syntax,,,,incollection,"Bhatt, Rakesh M.",2008,Indian English: Syntax,,"Varieties of English. Vol. 4. Africa, South and Southeast Asia","Mesthrie, Rajend",546–562,,,,Berlin and New York,,,,Mouton textbook,,Mouton de Gruyter,,,,,,,1
15,2013-11-14T10:28:16.649865+01:00,2013-11-14T10:28:16.649871+01:00,True,{},base,bickerton1975,"Bickerton, Derek 1975",Dynamics of a creole system,,,,book,"Bickerton, Derek",1975,Dynamics of a creole system,,,,,,,,Cambridge,,,,,,Cambridge University Press,,,,,,,1
16,2013-11-14T10:28:16.650449+01:00,2013-11-14T10:28:16.650454+01:00,True,{},base,blair2001,"Blair, David and Collins, Peter 2001",English in Australia,,,,book,,2001,English in Australia,,,"Blair, David and Collins, Peter",,,,,Amsterdam and Philadelphia,,,,Varieties of English around the world. General series,26,John Benjamins,,,,,,,1
17,2013-11-14T10:28:16.651041+01:00,2013-11-14T10:28:16.651047+01:00,True,{},base,borlongan2011,"Borlongan, Ariane Macalinga 2011","Relocating Philippine English in Schneider's dynamic model. Paper presented at the 17th Annual Conference of the International Association for World Englishes, November 23-25, 2011, Melbourne, Australia",,,,misc,"Borlongan, Ariane Macalinga",2011,"Relocating Philippine English in Schneider's dynamic model. Paper presented at the 17th Annual Conference of the International Association for World Englishes, November 23-25, 2011, Melbourne, Australia",,,,,,,,"Melbourne, Australia",,,,,,,,,,,,,1
18,2013-11-14T10:28:16.651627+01:00,2013-11-14T10:28:16.651632+01:00,True,{},base,borlongan2012b,"Borlongan, Ariane Macalinga and Lim, JooHyuk 2012","Distinctive features of Philippine English: A meta-synthesis of corpus-based studies. Poster presented at the 33rd ICAME Conference, May 30-June 3, 2012, Louvain, Belgium",,,,misc,"Borlongan, Ariane Macalinga and Lim, JooHyuk",2012,"Distinctive features of Philippine English: A meta-synthesis of corpus-based studies. Poster presented at the 33rd ICAME Conference, May 30-June 3, 2012, Louvain, Belgium",,,,,,,,"Louvain, Belgium",,,,,,,,,,,,,1
19,2013-11-14T10:28:16.652216+01:00,2013-11-14T10:28:16.652222+01:00,True,{},base,bowerman2008,"Bowerman, Sean 2008",White South African English: Morphology and Syntax,,,,incollection,"Bowerman, Sean",2008,White South African English: Morphology and Syntax,,"Varieties of English. Vol. 4. Africa, South and Southeast Asia","Mesthrie, Rajend",472–487,,,,Berlin and New York,,,,Mouton textbook,,Mouton de Gruyter,,,,,,,1
20,2013-11-14T10:28:16.652813+01:00,2013-11-14T10:28:16.652819+01:00,True,{},base,brown1936,"Brown, Thomas E. 1936",The Collected Poems of T.E. Brown,,,,book,"Brown, Thomas E.",1936,The Collected Poems of T.E. Brown,,,,,,,,London,,,,,,Macmillan,,,,,,,1
21,2013-11-14T10:28:16.653404+01:00,2013-11-14T10:28:16.653410+01:00,True,{},base,brumby1977,"Brumby, Ed and Vászolyi, Eric G. 1977",Language problems and Aboriginal education,,,,book,,1977,Language problems and Aboriginal education,,,"Brumby, Ed and Vászolyi, Eric G.",,,,,"Mount Lawley, Western Australia",,,,,,"Aboriginal Teacher Education Program, Mount Lawley College of Advanced Education",,,,,,,1
22,2013-11-14T10:28:16.653996+01:00,2013-11-14T10:28:16.654001+01:00,True,{},base,burridge2008,"Burridge, Kate 2008",Synopsis: morphological and syntactic variation in the Pacific and Australasia,,,,incollection,"Burridge, Kate",2008,Synopsis: morphological and syntactic variation in the Pacific and Australasia,,Varieties of English. Vol 3. The Pacific and Australasia,"Burridge, Kate and Kortmann, Bernd",583–600,,,,Berlin and New York,,,,Mouton textbook,,Mouton de Gruyter,,,,,,,1
23,2013-11-14T10:28:16.654751+01:00,2013-11-14T10:28:16.654757+01:00,True,{},base,burridge2008b,"Burridge, Kate and Kortmann, Bernd 2008",Varieties of English. Vol 3. The Pacific and Australasia,,,,book,,2008,Varieties of English. Vol 3. The Pacific and Australasia,,,"Burridge, Kate and Kortmann, Bernd",,,,,Berlin and New York,,,,Mouton textbook,,Mouton de Gruyter,,,,,,,1
24,2013-11-14T10:28:16.655356+01:00,2013-11-14T10:28:16.655362+01:00,True,{},base,butcher2008,"Butcher, Andrew 2008",Linguistic aspects of Australian Aboriginal English,,,,article,"Butcher, Andrew",2008,Linguistic aspects of Australian Aboriginal English,,,,625‐642,,Clinical linguistics &phonetics,,,,,8,,22,,,,,,,,1
25,2013-11-14T10:28:16.655982+01:00,2013-11-14T10:28:16.655988+01:00,True,"{""institution"": ""Centre for Applied Language and Literacy Research, Edith Cowan University""}",base,callr,"Centre for Applied Language and Literacy Research, Edith Cowan University nd",Centre for Applied Language and Literacy Research Database,,,,misc,"Centre for Applied Language and Literacy Research, Edith Cowan University",,Centre for Applied Language and Literacy Research Database,,,,,,,,"Mount Lawley, Western Australia",,,,,,,,,,,,,1
26,2013-11-14T10:28:16.656582+01:00,2013-11-14T10:28:16.656588+01:00,True,{},base,camillieri1995,"Camillieri, Antoinette 1995",Bilingual education - the Maltese experience,,,,book,"Camillieri, Antoinette",1995,Bilingual education - the Maltese experience,,,,,,,,Heidelberg,,,,,,Julius Groos,,,,,,,1
27,2013-11-14T10:28:16.657169+01:00,2013-11-14T10:28:16.657175+01:00,True,{},base,castillo1996,"Castillo, Emma S. 1996",Alay sa wika : essays in honor of Fe T. Otanes on her 67th birthday,,,,book,,1996,Alay sa wika : essays in honor of Fe T. Otanes on her 67th birthday,,,"Castillo, Emma S.",,,,,Manila,,,,,,Linguistic Society of the Philippines,,,,,,,1
28,2013-11-14T10:28:16.657755+01:00,2013-11-14T10:28:16.657760+01:00,True,{},base,clarke2008,"Clarke, Sandra 2008",Newfoundland English: Morphology and Syntax,,,,incollection,"Clarke, Sandra",2008,Newfoundland English: Morphology and Syntax,,Varieties of English. Vol 2. The Americas and the Caribbean,"Schneider, Edgar W.",492–509,,,,Berlin and New York,,,,Mouton textbook,,Mouton de Gruyter,,,,,,,1
29,2013-11-14T10:28:16.658358+01:00,2013-11-14T10:28:16.658363+01:00,True,{},base,collins2009,"Collins, Peter 2009",Modals and quasi-modals in English,,,,book,"Collins, Peter",2009,Modals and quasi-modals in English,,,,,,,,Amsterdam and New York,,,,Language and computers. Studies in practical linguistics,67,Rodopi,,,,,,,1
30,2013-11-14T10:28:16.658946+01:00,2013-11-14T10:28:16.658951+01:00,True,{},base,connolly1989,"Connolly, John H. 1989",Port Talbot English,,,,incollection,"Connolly, John H.",1989,Port Talbot English,,"English in Wales. Diversity, conflict, and change","Coupland, Nikolas and Thomas, Alan R.",121–129,,,,Clevedon,,,,,52,Multilingual Matters,,,,,,,1
31,2013-11-14T10:28:16.659544+01:00,2013-11-14T10:28:16.659550+01:00,True,{},base,cottman1963,"Cottman, Evans W. 1963",Out-Island Doctor,,,,book,"Cottman, Evans W.",1963,Out-Island Doctor,,,,,,,,London,,,,,,Hodder and Stoughton,,,,,,,1
32,2013-11-14T10:28:16.660128+01:00,2013-11-14T10:28:16.660134+01:00,True,{},base,coupland1989,"Coupland, Nikolas and Thomas, Alan R. 1989","English in Wales. Diversity, conflict, and change",,,,book,,1989,"English in Wales. Diversity, conflict, and change",,,"Coupland, Nikolas and Thomas, Alan R.",,,,,Clevedon,,,,,,Multilingual Matters,,,,,,,1
33,2013-11-14T10:28:16.660725+01:00,2013-11-14T10:28:16.660730+01:00,True,{},base,crowley1966,"Crowley, Daniel J. 1966",I Could Talk Old-Story Good: Creativity in Bahamian Folklore,,,,book,"Crowley, Daniel J.",1966,I Could Talk Old-Story Good: Creativity in Bahamian Folklore,,,,,,,,Berkeley and Los Angeles and London,,,,University of California Publications: Folklore and Mythology Studies,17,University of California Press,,,,,,,1
34,2013-11-14T10:28:16.661326+01:00,2013-11-14T10:28:16.661331+01:00,True,{},base,crowley2008,"Crowley, Terry 2008",Bislama: Morphology and Syntax,,,,incollection,"Crowley, Terry",2008,Bislama: Morphology and Syntax,,Varieties of English. Vol 3. The Pacific and Australasia,"Burridge, Kate and Kortmann, Bernd",444–466,,,,Berlin and New York,,,,Mouton textbook,,Mouton de Gruyter,,,,,,,1
35,2013-11-14T10:28:16.661923+01:00,2013-11-14T10:28:16.661928+01:00,True,{},base,donnelly1997,"Donnelly, Janet L. 1997",Basilectal features of Bahamian Creole English,,,,article,"Donnelly, Janet L.",1997,Basilectal features of Bahamian Creole English,,,,17–34,,College Forum,,,,,,,9,,,,,,,,1
36,2013-11-14T10:28:16.662508+01:00,2013-11-14T10:28:16.662514+01:00,True,{},base,dupuch1940,"Dupuch, Eugene 1940",Smokey Joe Says. Collection of 125 articles written 1934–1944,,,,book,"Dupuch, Eugene",1940,Smokey Joe Says. Collection of 125 articles written 1934–1944,,,,,,,,"Nassau, Bahamas",,,,,,Daily Tribune,,,,,,,1
37,2013-11-14T10:28:16.663086+01:00,2013-11-14T10:28:16.663091+01:00,True,{},base,eagleson1982,"Eagleson, Robert Donn and Kaldor, Susan and Malcolm, Ian G. 1982",English and the Aboriginal Child. Variation in English language,,,,book,,1982,English and the Aboriginal Child. Variation in English language,,,"Eagleson, Robert Donn and Kaldor, Susan and Malcolm, Ian G.",,,,,Canberra,,,,,,Curriculum Development Centre,,,,,,,1
38,2013-11-14T10:28:16.663670+01:00,2013-11-14T10:28:16.663675+01:00,True,{},base,edwards1895,"Edwards, Charles Lincoln 1942","Bahama songs and stories: A contribution to folk-lore. Reprint. Originally published in 1895 by Houghton Mifflin, New York",,,,book,"Edwards, Charles Lincoln",1942,"Bahama songs and stories: A contribution to folk-lore. Reprint. Originally published in 1895 by Houghton Mifflin, New York",,,,,,,,New York,,"Reprint. Originally published by Houghton Mifflin, New York",,Memoirs of the American Folk-lore Society,3,G.E. Stechert,,,,,,,1
39,2013-11-14T10:28:16.664273+01:00,2013-11-14T10:28:16.664279+01:00,True,{},base,eisikovits2009,"Eisikovits, Edina 2009",Girl-talk/boy-talk: sex differences in adolescent speech,,,,incollection,"Eisikovits, Edina",2009,Girl-talk/boy-talk: sex differences in adolescent speech,,Comparative studies in Australian and New Zealand English. Grammar and beyond,"Peters, Pam and Collins, Peter and Smith, Adam",35–54,,,,Amsterdam and Philadelphia,,,,Varieties of English around the world. General series,39,John Benjamins,,,,,,,1
40,2013-11-14T10:28:16.664876+01:00,2013-11-14T10:28:16.664882+01:00,True,{},base,escure2008,"Escure, Geneviève 2008",Belize and Other Central American Varieties: Morphology and Syntax,,,,incollection,"Escure, Geneviève",2008,Belize and Other Central American Varieties: Morphology and Syntax,,Varieties of English. Vol 2. The Americas and the Caribbean,"Schneider, Edgar W.",732–762,,,,Berlin and New York,,,,Mouton textbook,,Mouton de Gruyter,,,,,,,1
41,2013-11-14T10:28:16.665489+01:00,2013-11-14T10:28:16.665496+01:00,True,{},base,faraclas2008,"Faraclas, Nicholas 2008",Nigerian Pidgin English: morphology and syntax,,,,incollection,"Faraclas, Nicholas",2008,Nigerian Pidgin English: morphology and syntax,,"Varieties of English. Vol. 4. Africa, South and Southeast Asia","Mesthrie, Rajend",340–367,,,,Berlin and New York,,,,Mouton textbook,,Mouton de Gruyter,,,,,,,1
42,2013-11-14T10:28:16.666085+01:00,2013-11-14T10:28:16.666090+01:00,True,{},base,faragher1967,"Faragher, Kathleen 1967",English and Manx Dialect Poems,,,,book,"Faragher, Kathleen",1967,English and Manx Dialect Poems,,,,,,,,Douglas,,,,,,Norris Modern Press,,,,,,,1
43,2013-11-14T10:28:16.666658+01:00,2013-11-14T10:28:16.666663+01:00,True,{},base,filppula2008,"Filppula, Markku 2008",Irish English: morphology and syntax,,,,incollection,"Filppula, Markku",2008,Irish English: morphology and syntax,,Varieties of English. Vol. 1. The British Isles,"Kortmann, Bernd and Upton, Clive",328‐359,,,,Berlin,,,,Mouton textbook,,Mouton de Gruyter,,,,,,,1
44,2013-11-14T10:28:16.667249+01:00,2013-11-14T10:28:16.667254+01:00,True,{},base,fought2003,"Fought, Carmen 2003",Chicano English in context,,,,book,"Fought, Carmen",2003,Chicano English in context,,,,,,,,New York,,,,,,Palgrave Macmillan,,,,,,,1
45,2013-11-14T10:28:16.667824+01:00,2013-11-14T10:28:16.667830+01:00,True,{},base,fred,"Kortmann, Bernd 2000-2005",Freiburg English Dialect Corpus,,,,misc,,2000-2005,Freiburg English Dialect Corpus,,,"Kortmann, Bernd",,,,,,http://www2.anglistik.uni-freiburg.de/institut/lskortmann/FRED/index.htm,,,,,,,,,,,,1
46,2013-11-14T10:28:16.668463+01:00,2013-11-14T10:28:16.668469+01:00,True,{},base,gill1963,"Gill, Walter 1963",Manx Dialect Words and Phrases,,,,book,"Gill, Walter",1963,Manx Dialect Words and Phrases,,,,,,,,London and Bristol,,,,,,Arrowsmith,,,,,,,1
47,2013-11-14T10:28:16.669046+01:00,2013-11-14T10:28:16.669051+01:00,True,{},base,glintonmeicholas1995,"Glinton-Meicholas, Patricia and Beadle, John 1995",More Talkin’Bahamian,,,,book,"Glinton-Meicholas, Patricia and Beadle, John",1995,More Talkin’Bahamian,,,,,,,,"Nassau, Bahamas",,,,,,Guanima Press,,,,,,,1
48,2013-11-14T10:28:16.669638+01:00,2013-11-14T10:28:16.669644+01:00,True,{},base,gonzalez1996,"Gonzalez, Andrew 1996",The Philippine experience with the English language: The limits of science in English language teaching,,,,incollection,"Gonzalez, Andrew",1996,The Philippine experience with the English language: The limits of science in English language teaching,,Alay sa wika : essays in honor of Fe T. Otanes on her 67th birthday,"Castillo, Emma S.",139–151,,,,Manila,,,,,,Linguistic Society of the Philippines,,,,,,,1
49,2013-11-14T10:28:16.670235+01:00,2013-11-14T10:28:16.670241+01:00,True,{},base,halpert1996,"Halpert, Herbert and Widdowson, J. D. A. and Lovelace, Martin J. 1996",Folktales of Newfoundland. The resilience of the oral tradition,,,,book,"Halpert, Herbert and Widdowson, J. D. A. and Lovelace, Martin J.",1996,Folktales of Newfoundland. The resilience of the oral tradition,,,,,,,,New York,,,,Garland reference library of the humanities,1856,Garland,,,,,,,1
50,2013-11-14T10:28:16.670820+01:00,2013-11-14T10:28:16.670826+01:00,True,{},base,harris1993,"Harris, John 1993",The grammar of Irish English,,,,incollection,"Harris, John",1993,The grammar of Irish English,,Real english. The grammar of english dialects in the British Isles,"Milroy, James and Milroy, Lesley",139–186,,,,London,,,,,,Longman,,,,,,,1
51,2013-11-14T10:28:16.671412+01:00,2013-11-14T10:28:16.671418+01:00,True,{},base,hickey2004,"Hickey, Raymond 2004",Legacies of colonial English. Studies in transported dialects,,,,book,,2004,Legacies of colonial English. Studies in transported dialects,,,"Hickey, Raymond",,,,,Cambridge [u.a.],,,,Studies in English language,,Cambridge University Press,,,,,,,1
52,2013-11-14T10:28:16.672000+01:00,2013-11-14T10:28:16.672006+01:00,True,{},base,holm1982,"Holm, John A. and Shilling, Alison Watt 1982",Dictionary of Bahamian English,,,,book,"Holm, John A. and Shilling, Alison Watt",1982,Dictionary of Bahamian English,,,,,,,,"Cold Spring, N.Y",,,,,,Lexik House Publishers,,,,,,,1
53,2013-11-14T10:28:16.672579+01:00,2013-11-14T10:28:16.672584+01:00,True,{},base,holm2007,"Holm, John A. and Patrick, Peter L. 2007",Comparative Creole Syntax. Parallel outlines of 18 Creole grammars,,,,book,,2007,Comparative Creole Syntax. Parallel outlines of 18 Creole grammars,,,"Holm, John A. and Patrick, Peter L.",,,,,London,,,,Westminster Creolistics series,7,Battlebridge,,,,,,,1
54,2013-11-14T10:28:16.673177+01:00,2013-11-14T10:28:16.673182+01:00,True,{},base,huber2008,"Huber, Magnus 2008",Ghanaian Pidgin English: morphology and syntax,,,,incollection,"Huber, Magnus",2008,Ghanaian Pidgin English: morphology and syntax,,"Varieties of English. Vol. 4. Africa, South and Southeast Asia","Mesthrie, Rajend",381–384,,,,Berlin and New York,,,,Mouton textbook,,Mouton de Gruyter,,,,,,,1
55,2013-11-14T10:28:16.673825+01:00,2013-11-14T10:28:16.673831+01:00,True,{},base,huber2008b,"Huber, Magnus and Dako, Kari 2008",Ghanaian English: morphology and syntax,,,,incollection,"Huber, Magnus and Dako, Kari",2008,Ghanaian English: morphology and syntax,,"Varieties of English. Vol. 4. Africa, South and Southeast Asia","Mesthrie, Rajend",368‐394,,,,Berlin and New York,,,,Mouton textbook,,Mouton de Gruyter,,,,,,,1
56,2013-11-14T10:28:16.674476+01:00,2013-11-14T10:28:16.674483+01:00,True,{},base,huttar2007,"Huttar, Mary L. 2007",Ndyuka (Creole English),,,,incollection,"Huttar, Mary L.",2007,Ndyuka (Creole English),,Comparative Creole Syntax. Parallel outlines of 18 Creole grammars,"Holm, John A. and Patrick, Peter L.",217‐236,,,,London,,,,Westminster Creolistics series,7,Battlebridge,,,,,,,1
57,2013-11-14T10:28:16.675127+01:00,2013-11-14T10:28:16.675134+01:00,True,{},base,hyatt19701978,"Hyatt, Harry M. 1970-1978","Hoodoo-Conjuration-Witchcraft-Rootwork: Beliefs Accepted by Many Negroes and White Persons, These Being Orally Recorded Among Blacks and Whites. 5 vols.",,,,book,"Hyatt, Harry M.",1970-1978,"Hoodoo-Conjuration-Witchcraft-Rootwork: Beliefs Accepted by Many Negroes and White Persons, These Being Orally Recorded Among Blacks and Whites. 5 vols.",,,,,,,,Hannibal,,,,,,Western Publishing,,,,,,,1
58,2013-11-14T10:28:16.675727+01:00,2013-11-14T10:28:16.675733+01:00,True,{},base,icewebsite,ICE Project 30.7.2013,International Corpus of English website,,,,misc,ICE Project,30.7.2013,International Corpus of English website,,,,,,,,,http://ice-corpora.net/ice/,,,,,,,,,,,,1
59,2013-11-14T10:28:16.676295+01:00,2013-11-14T10:28:16.676302+01:00,True,{},base,iceaus,"Peters, Pam nd",International Corpus of English: Australia,,,,misc,"Peters, Pam",,International Corpus of English: Australia,,,,,,,,,http://ice-corpora.net/ice/iceaus.htm,,,,,,,,,,,,1
60,2013-11-14T10:28:16.676887+01:00,2013-11-14T10:28:16.676893+01:00,True,{},base,iceea,"Schmied, Josef nd",International Corpus of English: East Africa (Kenya and Tanzania),,,,misc,"Schmied, Josef",,International Corpus of English: East Africa (Kenya and Tanzania),,,"Schmied, Josef",,,,,,http://ice-corpora.net/ice/iceea.htm,,,,,,,,,,,,1
61,2013-11-14T10:28:16.677506+01:00,2013-11-14T10:28:16.677512+01:00,True,{},base,irvine2008,"Irvine, Judith T. 2008",Subjected Words: African Linguistics and the Colonial Encounter,,,,article,"Irvine, Judith T.",2008,Subjected Words: African Linguistics and the Colonial Encounter,,,,323–343,,Language &Communication,,,,,4,,28,,,,,,,,1
62,2013-11-14T10:28:16.678092+01:00,2013-11-14T10:28:16.678098+01:00,True,{},base,irvine2008b,"Irvine, Alison 2008",Contrast and convergence in Standard Jamaican English: the phonological architecture of the standard in an ideologically bidialectal community,,,,article,"Irvine, Alison",2008,Contrast and convergence in Standard Jamaican English: the phonological architecture of the standard in an ideologically bidialectal community,,,,9–25,,World Englishes,,,,,,,27,,,,,,,,1
63,2013-11-14T10:28:16.678684+01:00,2013-11-14T10:28:16.678690+01:00,True,{},base,james2008,"James, Winford and Youssef, Valerie 2008",The Creoles of Trinidad and Tobago: morphology and syntax,,,,incollection,"James, Winford and Youssef, Valerie",2008,The Creoles of Trinidad and Tobago: morphology and syntax,,Varieties of English. Vol 2. The Americas and the Caribbean,"Schneider, Edgar W.",661–692,,,,Berlin and New York,,,,Mouton textbook,,Mouton de Gruyter,,,,,,,1
64,2013-11-14T10:28:16.679280+01:00,2013-11-14T10:28:16.679285+01:00,True,{},base,jones2001,"Jones, Mari C. 2001",Jersey Norman French. A linguistic study of an obsolescent dialect,,,,book,"Jones, Mari C.",2001,Jersey Norman French. A linguistic study of an obsolescent dialect,,,,,,,,Oxford,,,,,,Blackwell,,,,,,,1
65,2013-11-14T10:28:16.679854+01:00,2013-11-14T10:28:16.679859+01:00,True,{},base,jourdan2008,"Jourdan, Christine 2008",Solomon Islands Pijin: morphology and syntax,,,,incollection,"Jourdan, Christine",2008,Solomon Islands Pijin: morphology and syntax,,Varieties of English. Vol 3. The Pacific and Australasia,"Burridge, Kate and Kortmann, Bernd",467–487,,,,Berlin,,,,Mouton textbook,,Mouton de Gruyter,,,,,,,1
66,2013-11-14T10:28:16.680453+01:00,2013-11-14T10:28:16.680459+01:00,True,{},base,joyce1988,"Joyce, P. W. 1988",English as we speak it in Ireland. Originally published in 1910,,,,book,"Joyce, P. W.",1988,English as we speak it in Ireland. Originally published in 1910,,,,,2,,,Dublin,,,,,,Wolfhound Press,,,,,,,1
67,2013-11-14T10:28:16.681036+01:00,2013-11-14T10:28:16.681042+01:00,True,{},base,kaldor1979,"Kaldor, Susan and Malcom, Ian G. 1979",The Language of the School and the Language of the Western Australian Aboriginal Schoolchild: Implications for Education,,,,incollection,"Kaldor, Susan and Malcom, Ian G.",1979,The Language of the School and the Language of the Western Australian Aboriginal Schoolchild: Implications for Education,,Aborigines of the West : their past and their present,"Berndt, Ronald Murray and Berndt, Catherine Helen",406–437,,,,"Nedlands, Australia",,,,,,University of Western Australia Press for the Education Committee of the 150th Anniversary Celebrations,,,,,,,1
68,2013-11-14T10:28:16.681650+01:00,2013-11-14T10:28:16.681655+01:00,True,{},base,kaldor1991,"Kaldor, Susan and Malcolm, Ian G. 1991",Aboriginal English - an overview,,,,incollection,"Kaldor, Susan and Malcolm, Ian G.",1991,Aboriginal English - an overview,,Language in Australia,"Romaine, Suzanne",67–83,,,,Cambridge,,,,,,Cambridge University Press,,,,,,,1
69,2013-11-14T10:28:16.682282+01:00,2013-11-14T10:28:16.682287+01:00,True,{},base,kautzsch2002,"Kautzsch, Alexander 2002",The Historical Evolution of Earlier African American English: An Empirical Comparison of Early Sources,,,,book,"Kautzsch, Alexander",2002,The Historical Evolution of Earlier African American English: An Empirical Comparison of Early Sources,,,,,,,,Berlin and New York,,,,Topics in English linguistics,38,Mouton de Gruyter,,,,,,,1
70,2013-11-14T10:28:16.682857+01:00,2013-11-14T10:28:16.682863+01:00,True,{},base,kautzsch2008,"Kautzsch, Alexander 2008",Earlier African American English: morphology and syntax,,,,incollection,"Kautzsch, Alexander",2008,Earlier African American English: morphology and syntax,,Varieties of English. Vol 2. The Americas and the Caribbean,"Schneider, Edgar W.",534–550,,,,Berlin and New York,,,,Mouton textbook,,Mouton de Gruyter,,,,,,,1
71,2013-11-14T10:28:16.683470+01:00,2013-11-14T10:28:16.683476+01:00,True,{},base,king1974,"King, Garth H. 1974",Family Patterns and its Effect on the Youth of St. Agnes Constituency,,,,book,"King, Garth H.",1974,Family Patterns and its Effect on the Youth of St. Agnes Constituency,,,,,,,,"Nassau, Bahamas",,,,,,Bahamas Teachers' College,,,,,,,1
72,2013-11-14T10:28:16.684058+01:00,2013-11-14T10:28:16.684063+01:00,True,{},base,klemola1996,"Klemola, Juhani and Kytö, Merja and Rissanen, Matti 1996",Speech past and present. Studies in English dialectology in memory of Ossi Ihalainen,,,,book,,1996,Speech past and present. Studies in English dialectology in memory of Ossi Ihalainen,,,"Klemola, Juhani and Kytö, Merja and Rissanen, Matti",,,,,Frankfurt am Main and New York,,,,University of Bamberg Studies in English Linguistics - Bamberger Beiträge zur englischen Sprachwissenschaft,38,Peter Lang,,,,,,,1
73,2013-11-14T10:28:16.684648+01:00,2013-11-14T10:28:16.684653+01:00,True,{},base,koch1991,"Koch, Harold 1991",Language and Communication in Aboriginal Land Claim Hearings,,,,incollection,"Koch, Harold",1991,Language and Communication in Aboriginal Land Claim Hearings,,Language in Australia,"Romaine, Suzanne",94–103,,,,Cambridge,,,,,,Cambridge University Press,,,,,,,1
74,2013-11-14T10:28:16.685237+01:00,2013-11-14T10:28:16.685243+01:00,True,{},base,konigsberg2002,"Königsberg, Patricia and Collard, Glenys 2002","Ways of Being, Ways of Talk",,,,book,,2002,"Ways of Being, Ways of Talk",,,"Königsberg, Patricia and Collard, Glenys",,,,,Perth,,,,,,"Department of Education, Western Australia",,,,,,,1
75,2013-11-14T10:28:16.685817+01:00,2013-11-14T10:28:16.685822+01:00,True,{},base,kortmann2004,"Kortmann, Bernd and Schneider, Edgar Werner and Upton, Clive and Burridge, Kate and Mesthrie, Rajend 2004",A handbook of varieties of English. Vol.2. Morphology and Syntax,,,,book,,2004,A handbook of varieties of English. Vol.2. Morphology and Syntax,,,"Kortmann, Bernd and Schneider, Edgar Werner and Upton, Clive and Burridge, Kate and Mesthrie, Rajend",,,,,Berlin and New York,,,,,,Mouton de Gruyter,,,,,,,1
76,2013-11-14T10:28:16.686401+01:00,2013-11-14T10:28:16.686406+01:00,True,{},base,kortmann2004b,"Kortmann, Bernd and Szmrecsanyi, Benedikt 2004",Global synopsis: morphological and syntactic variation in English,,,,incollection,"Kortmann, Bernd and Szmrecsanyi, Benedikt",2004,Global synopsis: morphological and syntactic variation in English,,A handbook of varieties of English. Vol.2. Morphology and Syntax,"Kortmann, Bernd and Schneider, Edgar Werner and Upton, Clive and Burridge, Kate and Mesthrie, Rajend",1142‐1202,,,,Berlin and New York,,,,,,Mouton de Gruyter,,,,,,,1
77,2013-11-14T10:28:16.686998+01:00,2013-11-14T10:28:16.687003+01:00,True,{},base,kortmann2005,"Kortmann, Bernd 2005",English linguistics: essentials,,,,book,"Kortmann, Bernd",2005,English linguistics: essentials,,,,,,,,Berlin,,,,,,Cornelsen,,,,,,,1
78,2013-11-14T10:28:16.687580+01:00,2013-11-14T10:28:16.687586+01:00,True,{},base,kortmann2008,"Kortmann, Bernd 2008",Synopsis: morphological and syntactic variation in the British Isles,,,,incollection,"Kortmann, Bernd",2008,Synopsis: morphological and syntactic variation in the British Isles,,Varieties of English. Vol. 1. The British Isles,"Kortmann, Bernd and Upton, Clive",478–495,,,,Berlin and New York,,,,Mouton textbook,,Mouton de Gruyter,,,,,,,1
79,2013-11-14T10:28:16.688177+01:00,2013-11-14T10:28:16.688182+01:00,True,{},base,kortmann2008b,"Kortmann, Bernd and Upton, Clive 2008",Varieties of English. Vol. 1. The British Isles,,,,book,,2008,Varieties of English. Vol. 1. The British Isles,,,"Kortmann, Bernd and Upton, Clive",,,,,Berlin and New York,,,,Mouton textbook,,Mouton de Gruyter,,,,,,,1
80,2013-11-14T10:28:16.688753+01:00,2013-11-14T10:28:16.688758+01:00,True,{},base,lewis1989,"Lewis, Jack W. 1989",Syntax and Lexis in Glamorgan English,,,,incollection,"Lewis, Jack W.",1989,Syntax and Lexis in Glamorgan English,,"English in Wales. Diversity, conflict, and change","Coupland, Nikolas and Thomas, Alan R.",109–120,,,,Clevedon,,,,,52,Multilingual Matters,,,,,,,1
81,2013-11-14T10:28:16.689370+01:00,2013-11-14T10:28:16.689375+01:00,True,{},base,malcolm1994,"Malcolm, Ian G. 1994",Discourse and discourse strategies in Australian Aboriginal English,,,,article,"Malcolm, Ian G.",1994,Discourse and discourse strategies in Australian Aboriginal English,,,,289‐306,,World Englishes,,,,,3,,13,,,,,,,,1
82,2013-11-14T10:28:16.689963+01:00,2013-11-14T10:28:16.689968+01:00,True,{},base,malcolm1995,"Malcolm, Ian G. 1995",Language and Communication Enhancement for Two-Way Education,,,,book,"Malcolm, Ian G.",1995,Language and Communication Enhancement for Two-Way Education,,,,,,,,"Mount Lawley, Western Australia",,,,,,Edith Cowan University in association with Education Department of Western Australia,,,,,,,1
83,2013-11-14T10:28:16.690543+01:00,2013-11-14T10:28:16.690549+01:00,True,{},base,malcolm1999,"Malcolm, Ian G. and Haig, Yvonne and Königsberg, Patricia and Rochecouste, Judith and Collard, Glenys and Hill, Alison and Cahill, Rosemary 1999",Towards More User-Friendly Education for Speakers of Aboriginal English,,,,book,"Malcolm, Ian G. and Haig, Yvonne and Königsberg, Patricia and Rochecouste, Judith and Collard, Glenys and Hill, Alison and Cahill, Rosemary",1999,Towards More User-Friendly Education for Speakers of Aboriginal English,,,,,,,,"Mount Lawley, Western Australia",,,,,,Centre for Applied Language and Literacy Research and Education Department of Western Australia,,,,,,,1
84,2013-11-14T10:28:16.691133+01:00,2013-11-14T10:28:16.691139+01:00,True,{},base,malcolm2002,"Malcolm, Ian and Königsberg, Patricia and Collard, Glenys and Hill, Alison and Grote, Ellen and Sharifian, Farzad and Kickett, Angela and Sahanna, Eva 2002",Umob deadly. Recognized and unrecognized literacy skills of Aboriginal youth,,,,book,"Malcolm, Ian and Königsberg, Patricia and Collard, Glenys and Hill, Alison and Grote, Ellen and Sharifian, Farzad and Kickett, Angela and Sahanna, Eva",2002,Umob deadly. Recognized and unrecognized literacy skills of Aboriginal youth,,,,,,,,"Mount Lawley, Western Australia",,,,,,"Centre for Applied Language and Literacy Research and Institute for the Service Professions, Edith Cowan University and Department of Education, Western Australia",,,,,,,1
85,2013-11-14T10:28:16.691733+01:00,2013-11-14T10:28:16.691739+01:00,True,{},base,malcolm2007,"Malcolm, Ian G. and Sharifian, Farzad 2007",Multiword Units in Aboriginal English: Australian Cultural Expression in an Adopted Language,,,,incollection,"Malcolm, Ian G. and Sharifian, Farzad",2007,Multiword Units in Aboriginal English: Australian Cultural Expression in an Adopted Language,,Phraseology and culture in English,"Skandera, Paul",375–398,,,,Berlin and New York,,,,Topics in English linguistics,54,Mouton de Gruyter,,,,,,,1
86,2013-11-14T10:28:16.692324+01:00,2013-11-14T10:28:16.692329+01:00,True,{},base,malcolm2008,"Malcolm, Ian G. 2008",Australian Creoles and Aboriginal English: morphology and syntax,,,,incollection,"Malcolm, Ian G.",2008,Australian Creoles and Aboriginal English: morphology and syntax,,Varieties of English. Vol 3. The Pacific and Australasia,"Burridge, Kate and Kortmann, Bernd",415‐443,,,,Berlin and New York,,,,Mouton textbook,,Mouton de Gruyter,,,,,,,1
87,2013-11-14T10:28:16.692942+01:00,2013-11-14T10:28:16.692948+01:00,True,{},base,mccormick2008,"McCormick, Kay 2008",Cape Flats English: Morphology and Syntax,,,,incollection,"McCormick, Kay",2008,Cape Flats English: Morphology and Syntax,,"Varieties of English. Vol. 4. Africa, South and Southeast Asia","Mesthrie, Rajend",521–534,,,,Berlin and New York,,,,Mouton textbook,,Mouton de Gruyter,,,,,,,1
88,2013-11-14T10:28:16.693607+01:00,2013-11-14T10:28:16.693613+01:00,True,{},base,melchers2008,"Melchers, Gunnel 2008","English Spoken in Orkney and Shetland: Morphology, Syntax, and Lexicon",,,,incollection,"Melchers, Gunnel",2008,"English Spoken in Orkney and Shetland: Morphology, Syntax, and Lexicon",,Varieties of English. Vol 3. The Pacific and Australasia,"Burridge, Kate and Kortmann, Bernd",285–298,,,,Berlin and New York,,,,Mouton textbook,,Mouton de Gruyter,,,,,,,1
89,2013-11-14T10:28:16.694203+01:00,2013-11-14T10:28:16.694208+01:00,True,{},base,mesthrie2008,"Mesthrie, Rajend 2008",Black South African English: Morphology and Syntax,,,,incollection,"Mesthrie, Rajend",2008,Black South African English: Morphology and Syntax,,"Varieties of English. Vol. 4. Africa, South and Southeast Asia","Mesthrie, Rajend",488–500,,,,Berlin and New York,,,,Mouton textbook,,Mouton de Gruyter,,,,,,,1
90,2013-11-14T10:28:16.694801+01:00,2013-11-14T10:28:16.694806+01:00,True,{},base,mesthrie2008b,"Mesthrie, Rajend 2008",Indian South African English: Morphology and Syntax,,,,incollection,"Mesthrie, Rajend",2008,Indian South African English: Morphology and Syntax,,"Varieties of English. Vol. 4. Africa, South and Southeast Asia","Mesthrie, Rajend",501–520,,,,Berlin and New York,,,,Mouton textbook,,Mouton de Gruyter,,,,,,,1
91,2013-11-14T10:28:16.695393+01:00,2013-11-14T10:28:16.695398+01:00,True,{},base,mesthrie2008c,"Mesthrie, Rajend 2008",Synopsis: morphological and syntactic variation in Africa and South and Southeast Asia,,,,incollection,"Mesthrie, Rajend",2008,Synopsis: morphological and syntactic variation in Africa and South and Southeast Asia,,"Varieties of English. Vol. 4. Africa, South and Southeast Asia","Mesthrie, Rajend",624–635,,,,Berlin and New York,,,,Mouton textbook,,Mouton de Gruyter,,,,,,,1
92,2013-11-14T10:28:16.696002+01:00,2013-11-14T10:28:16.696008+01:00,True,{},base,mesthrie2008d,"Mesthrie, Rajend 2008","Varieties of English. Vol. 4. Africa, South and Southeast Asia",,,,book,,2008,"Varieties of English. Vol. 4. Africa, South and Southeast Asia",,,"Mesthrie, Rajend",,,,,Berlin and New York,,,,Mouton textbook,,Mouton de Gruyter,,,,,,,1
93,2013-11-14T10:28:16.696638+01:00,2013-11-14T10:28:16.696644+01:00,True,{},base,mesthrie2008e,"Mesthrie, Rajend and Bhatt, Rakesh Mohan 2008",World Englishes: The study of new linguistic varieties,,,,book,"Mesthrie, Rajend and Bhatt, Rakesh Mohan",2008,World Englishes: The study of new linguistic varieties,,,,,,,,,,,,,,Cambridge University Press,,,,,,,1
94,2013-11-14T10:28:16.697241+01:00,2013-11-14T10:28:16.697247+01:00,True,"{""institution"": ""The Christian University Corporation of San Andres, Providence and Kathleen""}",base,metzger2001,"Metzger, Lois and Metzger, Ronald G. 2001",ABC Stuoriz. An Islander English Reader,,,,book,"Metzger, Lois and Metzger, Ronald G.",2001,ABC Stuoriz. An Islander English Reader,,,,,,,,"San Andres Island, Colombia, S.A.",,,,,,"The Christian University Corporation of San Andres, Providence and Kathleen",,,,,,,1
95,2013-11-14T10:28:16.697814+01:00,2013-11-14T10:28:16.697820+01:00,True,{},base,miller2008,"Miller, Jim 2008",Scottish English: morphology and syntax,,,,incollection,"Miller, Jim",2008,Scottish English: morphology and syntax,,Varieties of English. Vol. 1. The British Isles,"Kortmann, Bernd and Upton, Clive",299‐327,,,,Berlin,,,,Mouton textbook,,Mouton de Gruyter,,,,,,,1
96,2013-11-14T10:28:16.698431+01:00,2013-11-14T10:28:16.698438+01:00,True,{},base,milroy1993,"Milroy, James and Milroy, Lesley 1993",Real english. The grammar of english dialects in the British Isles,,,,book,,1993,Real english. The grammar of english dialects in the British Isles,,,"Milroy, James and Milroy, Lesley",,,,,London,,,,,,Longman,,,,,,,1
97,2013-11-14T10:28:16.699052+01:00,2013-11-14T10:28:16.699059+01:00,True,"{""institution"": ""BBC and British Library""}",base,mmb,BBC and British Library 1998-1999,Millennium Memory Bank,,,,misc,BBC and British Library,1998-1999,Millennium Memory Bank,,,,,,,,,http://sounds.bl.uk/Accents-and-dialects/Millenium-memory-bank,,,,,,,,,,,,1
98,2013-11-14T10:28:16.699654+01:00,2013-11-14T10:28:16.699660+01:00,True,{},base,montgomery2008,"Montgomery, Michael B. 2008",Appalachian English: morphology and syntax,,,,incollection,"Montgomery, Michael B.",2008,Appalachian English: morphology and syntax,,Varieties of English. Vol 2. The Americas and the Caribbean,"Schneider, Edgar W.",428‐467,,,,Berlin and New York,,,,Mouton textbook,,Mouton de Gruyter,,,,,,,1
99,2013-11-14T10:28:16.700238+01:00,2013-11-14T10:28:16.700243+01:00,True,{},base,moore1991,"Moore, A. W. and Morrison, Sophia and Goodwin, Edmund 1991",A vocabulary of the Anglo-Manx dialect. Reprinted by photo-offset lithography from the 1924 edition,,,,book,"Moore, A. W. and Morrison, Sophia and Goodwin, Edmund",1991,A vocabulary of the Anglo-Manx dialect. Reprinted by photo-offset lithography from the 1924 edition,,,,,,,,"Andreas, Isle of Man",,,,,,Yn Cheshaght Ghailckagh,,,,,,,1
100,2013-11-14T10:28:16.700817+01:00,2013-11-14T10:28:16.700823+01:00,True,{},base,mufwene2008,"Mufwene, Salikoko S. 2008",Gullah: Morphology and Syntax,,,,incollection,"Mufwene, Salikoko S.",2008,Gullah: Morphology and Syntax,,Varieties of English. Vol 2. The Americas and the Caribbean,"Schneider, Edgar W.",551–571,,,,Berlin and New York,,,,Mouton textbook,,Mouton de Gruyter,,,,,,,1
101,2013-11-14T10:28:16.701436+01:00,2013-11-14T10:28:16.701442+01:00,True,{},base,mugler2008,"Mugler, France and Tent, Jan 2008",Fiji English: Morphology and Syntax,,,,incollection,"Mugler, France and Tent, Jan",2008,Fiji English: Morphology and Syntax,,Varieties of English. Vol 3. The Pacific and Australasia,"Burridge, Kate and Kortmann, Bernd",546–567,,,,Berlin and New York,,,,Mouton textbook,,Mouton de Gruyter,,,,,,,1
102,2013-11-14T10:28:16.702044+01:00,2013-11-14T10:28:16.702050+01:00,True,{},base,muhlhausler2008,"Mühlhäusler, Peter 2008",Norfolk Island-Pitcairn English (Pitkern Norfolk): Morphology and Syntax,,,,incollection,"Mühlhäusler, Peter",2008,Norfolk Island-Pitcairn English (Pitkern Norfolk): Morphology and Syntax,,Varieties of English. Vol 3. The Pacific and Australasia,"Burridge, Kate and Kortmann, Bernd",568–582,,,,Berlin and New York,,,,Mouton textbook,,Mouton de Gruyter,,,,,,,1
103,2013-11-14T10:28:16.702627+01:00,2013-11-14T10:28:16.702633+01:00,True,"{""institution"": ""Memorial University of Newfoundland""}",base,munfla,Memorial University of Newfoundland nd,Memorial University’s Folklore and Language Archive,,,,misc,Memorial University of Newfoundland,,Memorial University’s Folklore and Language Archive,,,,,,,,,http://www.mun.ca/folklore/munfla,,,,,,,,,,,,1
104,2013-11-14T10:28:16.703216+01:00,2013-11-14T10:28:16.703221+01:00,True,{},base,murray2008,"Murray, Thomas E. and Simon, Beth Lee 2008",Colloquial American English: Grammatical Features,,,,incollection,"Murray, Thomas E. and Simon, Beth Lee",2008,Colloquial American English: Grammatical Features,,Varieties of English. Vol 2. The Americas and the Caribbean,"Schneider, Edgar W.",401–427,,,,Berlin and New York,,,,Mouton textbook,,Mouton de Gruyter,,,,,,,1
105,2013-11-14T10:28:16.703806+01:00,2013-11-14T10:28:16.703811+01:00,True,{},base,newbrook2001,"Newbrook, Mark 2001",Syntactic Features and Norms in Australian English,,,,incollection,"Newbrook, Mark",2001,Syntactic Features and Norms in Australian English,,English in Australia,"Blair, David and Collins, Peter",113–132,,,,Amsterdam and Philadelphia,,,,Varieties of English around the world. General series,26,John Benjamins,,,,,,,1
106,2013-11-14T10:28:16.704394+01:00,2013-11-14T10:28:16.704399+01:00,True,{},base,orton19621971,"Orton, Harold and Dieth, Eugen 1962-1971",Survey of English Dialects. The Basic Material,,,,book,,1962-1971,Survey of English Dialects. The Basic Material,,,"Orton, Harold and Dieth, Eugen",,,,,Leeds,http://sounds.bl.uk/Accents-and-dialects/Survey-of-English-dialects,,,,,E.J. Arnold for the University of Leeds,,,,,,,1
107,2013-11-14T10:28:16.704979+01:00,2013-11-14T10:28:16.704984+01:00,True,{},base,parry1999,"Parry, David 1999",A Grammar and Glossary of the Conservative Anglo-Welsh Dialects of Rural Wales,,,,book,"Parry, David",1999,A Grammar and Glossary of the Conservative Anglo-Welsh Dialects of Rural Wales,,,,,,,,Sheffield,,,,NATCECT occasional publications,8,National Centre for English Cultural Tradition,,,,,,,1
108,2013-11-14T10:28:16.705586+01:00,2013-11-14T10:28:16.705591+01:00,True,{},base,parsons1918,"Parsons, Elsie Worthington Clews 1918","Folk Tales of Andros Island, Bahamas",,,,book,"Parsons, Elsie Worthington Clews",1918,"Folk Tales of Andros Island, Bahamas",,,,,,,,"Lancaster, PA",,,,Memoirs of the American Folk-lore Society,13,American Folk-lore Society,,,,,,,1
109,2013-11-14T10:28:16.706216+01:00,2013-11-14T10:28:16.706222+01:00,True,{},base,patrick2007,"Patrick, Peter L. 2007",Jamaican Patwa (Creole English),,,,incollection,"Patrick, Peter L.",2007,Jamaican Patwa (Creole English),,Comparative Creole Syntax. Parallel outlines of 18 Creole grammars,"Holm, John A. and Patrick, Peter L.",127‐152,,,,London,,,,Westminster Creolistics series,7,Battlebridge,,,,,,,1
110,2013-11-14T10:28:16.706818+01:00,2013-11-14T10:28:16.706823+01:00,True,{},base,patrick2008,"Patrick, Peter L. 2008",Jamaican Creole: Morphology and Syntax,,,,incollection,"Patrick, Peter L.",2008,Jamaican Creole: Morphology and Syntax,,Varieties of English. Vol 2. The Americas and the Caribbean,"Schneider, Edgar W.",609–644,,,,Berlin and New York,,,,Mouton textbook,,Mouton de Gruyter,,,,,,,1
111,2013-11-14T10:28:16.707415+01:00,2013-11-14T10:28:16.707421+01:00,True,{},base,paulasto2006,"Paulasto, Heli 2006",Welsh English syntax. Contact and variation,,,,book,"Paulasto, Heli",2006,Welsh English syntax. Contact and variation,,,,,,,,Joensuu,,,,University of Joensuu Publications in the Humanities = Joensuun yliopiston humanistisia julkaisuja,43,University of Joensuu / Joensuu University Press,,,,,,,1
112,2013-11-14T10:28:16.708025+01:00,2013-11-14T10:28:16.708032+01:00,True,{},base,pawley2008,"Pawley, Andrew 2008",Australian Vernacular English: some grammatical characteristics,,,,incollection,"Pawley, Andrew",2008,Australian Vernacular English: some grammatical characteristics,,Varieties of English. Vol 3. The Pacific and Australasia,"Burridge, Kate and Kortmann, Bernd",362–397,,,,Berlin and New York,,,,Mouton textbook,,Mouton de Gruyter,,,,,,,1
113,2013-11-14T10:28:16.708663+01:00,2013-11-14T10:28:16.708670+01:00,True,{},base,pc,"Wagner, Susanne nd","Pouch Cove Corpus. Author's unpublished data (DFG grants Wa2432/1-1,2)",,,,misc,"Wagner, Susanne",,"Pouch Cove Corpus. Author's unpublished data (DFG grants Wa2432/1-1,2)",,,,,,,,,,,,,,,,,,,,,1
114,2013-11-14T10:28:16.709286+01:00,2013-11-14T10:28:16.709293+01:00,True,{},base,penhallurick1991,"Penhallurick, Robert J. 1991",The Anglo-Welsh dialects of North Wales. A survey of conservative rural spoken English in the counties of Gwynedd and Clwyd,,,,book,"Penhallurick, Robert J.",1991,The Anglo-Welsh dialects of North Wales. A survey of conservative rural spoken English in the counties of Gwynedd and Clwyd,,,,,,,,Frankfurt am Main and New York,,,,University of Bamberg Studies in English - Bamberger Beiträge zur englishchan Sprachwissenschaft,27,Peter Lang,,,,,,,1
115,2013-11-14T10:28:16.709931+01:00,2013-11-14T10:28:16.709938+01:00,True,{},base,penhallurick1994,"Penhallurick, Robert J. 1994","Gowerland and its language. A history of the English speech of the Gower Peninsula, South Wales",,,,book,"Penhallurick, Robert J.",1994,"Gowerland and its language. A history of the English speech of the Gower Peninsula, South Wales",,,,,,,,Frankfurt am Main and New York,,,,University of Bamberg Studies in English Linguistics - Bamberger Beiträge zur englischen Sprachwissenschaft,36,Peter Lang,,,,,,,1
116,2013-11-14T10:28:16.710551+01:00,2013-11-14T10:28:16.710557+01:00,True,{},base,penhallurick1996,"Penhallurick, Robert 1996",The Grammar of Northern Welsh English,,,,incollection,"Penhallurick, Robert",1996,The Grammar of Northern Welsh English,,Speech past and present. Studies in English dialectology in memory of Ossi Ihalainen,"Klemola, Juhani and Kytö, Merja and Rissanen, Matti",308–342,,,,Frankfurt am Main and New York,,,,University of Bamberg Studies in English Linguistics - Bamberger Beiträge zur englischen Sprachwissenschaft,38,Peter Lang,,,,,,,1
117,2013-11-14T10:28:16.711214+01:00,2013-11-14T10:28:16.711221+01:00,True,{},base,perdue1992,"Perdue, Charles L. and Barden, Thomas E. and Phillips, Robert K. 1992",Weevils in the wheat. Interviews with Virginia ex-slaves. Reprint. Originally published in 1976,,,,book,,1992,Weevils in the wheat. Interviews with Virginia ex-slaves. Reprint. Originally published in 1976,,,"Perdue, Charles L. and Barden, Thomas E. and Phillips, Robert K.",,,,,Charlottesville,,,,,,University Press of Virginia,,,,,,,1
118,2013-11-14T10:28:16.711805+01:00,2013-11-14T10:28:16.711811+01:00,True,{},base,peter2007,"Peter, Lothar and Wolf, Hans-Georg 2007",A comparison of the varieties of West African Pidgin English,,,,article,"Peter, Lothar and Wolf, Hans-Georg",2007,A comparison of the varieties of West African Pidgin English,,,,3‐21,,World Englishes,,,,,1,,26,,,,,,,,1
119,2013-11-14T10:28:16.712386+01:00,2013-11-14T10:28:16.712392+01:00,True,{},base,peters2009,"Peters, Pam and Collins, Peter and Smith, Adam 2009",Comparative studies in Australian and New Zealand English. Grammar and beyond,,,,book,,2009,Comparative studies in Australian and New Zealand English. Grammar and beyond,,,"Peters, Pam and Collins, Peter and Smith, Adam",,,,,Amsterdam and Philadelphia,,,,Varieties of English around the world. General series,39,John Benjamins,,,,,,,1
120,2013-11-14T10:28:16.712999+01:00,2013-11-14T10:28:16.713006+01:00,True,{},base,psilinakis1996,"Psilinakis, Agni 1996",The Bahamian Creole: Its history and present state,,,,phdthesis,"Psilinakis, Agni",1996,The Bahamian Creole: Its history and present state,,,,,,,,University of Graz,,,,,,,,,,,,,1
121,2013-11-14T10:28:16.713625+01:00,2013-11-14T10:28:16.713631+01:00,True,{},base,rawick1977,"Rawick, George P. and Hillegas, Jan and Lawrence, Ken 1977","The American slave. A composite autobiography : supplement, series 1. 12 vols.",,,,book,,1977,"The American slave. A composite autobiography : supplement, series 1. 12 vols.",,,"Rawick, George P. and Hillegas, Jan and Lawrence, Ken",,,,,"Westport, Conn.",,,,,49,Greenwood,,,,,,,1
122,2013-11-14T10:28:16.714208+01:00,2013-11-14T10:28:16.714214+01:00,True,{},base,rawick19771979,"Rawick, George P. 1977/1979","The American slave. A composite autobiography : supplement, series 1 and series 2. Series 1 12 vols., series 2 10 vols.",,,,book,,1977/1979,"The American slave. A composite autobiography : supplement, series 1 and series 2. Series 1 12 vols., series 2 10 vols.",,,"Rawick, George P.",,,,,"Westport, Conn.",,,,Contributions in Afro-American and African studies,35 and 49,Greenwood,,,,,,,1
123,2013-11-14T10:28:16.714872+01:00,2013-11-14T10:28:16.714879+01:00,True,{},base,rawick1979b,"Rawick, George P. 1979","The American slave. A composite autobiography : supplement, series 2",,,,book,,1979,"The American slave. A composite autobiography : supplement, series 2",,,"Rawick, George P.",,,,,"Westport, Conn.",,,,Contributions in Afro-American and African studies,49,Greenwood,,,,,,,1
124,2013-11-14T10:28:16.715555+01:00,2013-11-14T10:28:16.715563+01:00,True,{},base,rickford1987,"Rickford, John R. 1987",The haves and have nots: Sociolinguistic surveys and the assessment of speaker competence,,,,article,"Rickford, John R.",1987,The haves and have nots: Sociolinguistic surveys and the assessment of speaker competence,,,,149‐77,,Language in society,,,,,2,,16,,,,,,,,1
125,2013-11-14T10:28:16.716256+01:00,2013-11-14T10:28:16.716264+01:00,True,"{""institution"": ""Edith Cowan University""}",base,rochecouste2003,"Rochecouste, Judith and Malcolm, Ian G. 2003",Aboriginal Genres in the Yamatji Lands of Western Australia. A Report on the Findings Funded by the Edith Cowan University Grant Scheme,,,,book,"Rochecouste, Judith and Malcolm, Ian G.",2003,Aboriginal Genres in the Yamatji Lands of Western Australia. A Report on the Findings Funded by the Edith Cowan University Grant Scheme,,,,,,,,"Mount Lawley, Western Australia",,,,,,"Centre for Applied Language and Literacy Research, Edith Cowan University",,,,,,,1
126,2013-11-14T10:28:16.716956+01:00,2013-11-14T10:28:16.716963+01:00,True,{},base,romaine1991,"Romaine, Suzanne 1991",Language in Australia,,,,book,,1991,Language in Australia,,,"Romaine, Suzanne",,,,,Cambridge,,,,,,Cambridge University Press,,,,,,,1
127,2013-11-14T10:28:16.717753+01:00,2013-11-14T10:28:16.717762+01:00,True,{},base,sakoda2008,"Sakoda, Kent and Siegel, Jeff 2008",Hawai’i Creole: morphology and syntax,,,,incollection,"Sakoda, Kent and Siegel, Jeff",2008,Hawai’i Creole: morphology and syntax,,Varieties of English. Vol 3. The Pacific and Australasia,"Burridge, Kate and Kortmann, Bernd",415‐443,,,,Berlin and New York,,,,Mouton textbook,,Mouton de Gruyter,,,,,,,1
128,2013-11-14T10:28:16.718537+01:00,2013-11-14T10:28:16.718543+01:00,True,{},base,sand1999,"Sand, Andrea 1999",Linguistic Variation in Jamaica. A Corpus-Based Study of Radio and Newspaper Usage,,,,book,"Sand, Andrea",1999,Linguistic Variation in Jamaica. A Corpus-Based Study of Radio and Newspaper Usage,,,,,,,,Tübingen,,,,,,Narr,,,,,,,1
129,2013-11-14T10:28:16.719313+01:00,2013-11-14T10:28:16.719322+01:00,True,{},base,santaana1991,"Santa Ana, Otto 1991",Phonetic Simplification Processes in the English of the Barrio:  A Cross-Generational Sociolinguistic Study of the Chicanos of Los Angeles,,,,phdthesis,"Santa Ana, Otto",1991,Phonetic Simplification Processes in the English of the Barrio:  A Cross-Generational Sociolinguistic Study of the Chicanos of Los Angeles,,,,,,,University of Pennsylvania,Philadelphia,,,,,,,,,,,,,1
130,2013-11-14T10:28:16.720101+01:00,2013-11-14T10:28:16.720110+01:00,True,{},base,santaana1996,"Santa Ana, Otto 1996",Sonority and Syllable Structure in Chicano English,,,,article,"Santa Ana, Otto",1996,Sonority and Syllable Structure in Chicano English,,,,63–89,,Language Variation and Change,,,,,1,,8,,,,,,,,1
131,2013-11-14T10:28:16.720941+01:00,2013-11-14T10:28:16.720949+01:00,True,{},base,schmied2008,"Schmied, Josef 2008","East African English (Kenya, Uganda, Tanzania): Morphology and syntax",,,,incollection,"Schmied, Josef",2008,"East African English (Kenya, Uganda, Tanzania): Morphology and syntax",,"Varieties of English. Vol. 4. Africa, South and Southeast Asia","Mesthrie, Rajend",451‐471,,,,Berlin and New York,,,,Mouton textbook,,Mouton de Gruyter,,,,,,,1
132,2013-11-14T10:28:16.721646+01:00,2013-11-14T10:28:16.721653+01:00,True,{},base,schneider2007,"Schneider, Edgar W. 2007",Postcolonial English. Varieties around the world,,,,book,"Schneider, Edgar W.",2007,Postcolonial English. Varieties around the world,,,,,,,,Cambridge and New York,,,,Cambridge approaches to language contact,,Cambridge University Press,,,,,,,1
133,2013-11-14T10:28:16.722355+01:00,2013-11-14T10:28:16.722362+01:00,True,{},base,schneider2008,"Schneider, Edgar W. 2008",Synopsis: morphological and syntactic variation in the Americas and the Caribbean,,,,incollection,"Schneider, Edgar W.",2008,Synopsis: morphological and syntactic variation in the Americas and the Caribbean,,Varieties of English. Vol 2. The Americas and the Caribbean,"Schneider, Edgar W.",763–776,,,,Berlin and New York,,,,Mouton textbook,,Mouton de Gruyter,,,,,,,1
134,2013-11-14T10:28:16.723088+01:00,2013-11-14T10:28:16.723094+01:00,True,{},base,schneider2008b,"Schneider, Edgar W. 2008",Varieties of English. Vol 2. The Americas and the Caribbean,,,,book,,2008,Varieties of English. Vol 2. The Americas and the Caribbean,,,"Schneider, Edgar W.",,,,,Berlin and New York,,,,Mouton textbook,,Mouton de Gruyter,,,,,,,1
135,2013-11-14T10:28:16.723748+01:00,2013-11-14T10:28:16.723755+01:00,True,{},base,sharifian2003,"Sharifian, Farzad and Malcolm, Ian G. 2003",The pragmatic marker like in English teen talk: Australian Aboriginal usage,,,,article,"Sharifian, Farzad and Malcolm, Ian G.",2003,The pragmatic marker like in English teen talk: Australian Aboriginal usage,,,,327‐344,,Pragmatics &Cognition,,,,,2,,11,,,,,,,,1
136,2013-11-14T10:28:16.724435+01:00,2013-11-14T10:28:16.724441+01:00,True,{},base,sharma2005,"Sharma, Devyani 2005",Language transfer and discourse universals in Indian English article use,,,,article,"Sharma, Devyani",2005,Language transfer and discourse universals in Indian English article use,,,,535‐566,,Studies in Second Language Acquisition,,,,,04,,27,,,,,,,,1
137,2013-11-14T10:28:16.725106+01:00,2013-11-14T10:28:16.725113+01:00,True,{},base,sharpe1977,"Sharpe, Margaret and John Sandefur 1977",A brief description of Roper Creole,,,,incollection,"Sharpe, Margaret and John Sandefur",1977,A brief description of Roper Creole,,Language problems and Aboriginal education,"Brumby, Ed and Vászolyi, Eric G.",51–60,,,,"Mount Lawley, Western Australia",,,,,,"Aboriginal Teacher Education Program, Mount Lawley College of Advanced Education",,,,,,,1
138,2013-11-14T10:28:16.725767+01:00,2013-11-14T10:28:16.725773+01:00,True,{},base,shilling1978,"Shilling, Alison Watt 1978",Some non-standard features of Bahamian Dialect syntax,,,,phdthesis,"Shilling, Alison Watt",1978,Some non-standard features of Bahamian Dialect syntax,,,,,,,University of Hawai'i,Manoa,,,,,,,,,,,,,1
139,2013-11-14T10:28:16.726388+01:00,2013-11-14T10:28:16.726395+01:00,True,{},base,sil2003,None 2003,Sranan Tongo - English Online Interactive Dictionary,,,,misc,,2003,Sranan Tongo - English Online Interactive Dictionary,,,,,,,,,http://www-01.sil.org/americas/suriname/Sranan/English/SrananEngDictIndex.html,,,,,,,,,,,,1
140,2013-11-14T10:28:16.726976+01:00,2013-11-14T10:28:16.726982+01:00,True,{},base,singler2008,"Singler, John Victor 2008",Liberian Settler English: Morphology and Syntax,,,,incollection,"Singler, John Victor",2008,Liberian Settler English: Morphology and Syntax,,"Varieties of English. Vol. 4. Africa, South and Southeast Asia","Mesthrie, Rajend",395–415,,,,Berlin and New York,,,,Mouton textbook,,Mouton de Gruyter,,,,,,,1
141,2013-11-14T10:28:16.727601+01:00,2013-11-14T10:28:16.727607+01:00,True,{},base,skandera2007,"Skandera, Paul 2007",Phraseology and culture in English,,,,book,,2007,Phraseology and culture in English,,,"Skandera, Paul",,,,,Berlin and New York,,,,Topics in English linguistics,54,Mouton de Gruyter,,,,,,,1
142,2013-11-14T10:28:16.728226+01:00,2013-11-14T10:28:16.728232+01:00,True,{},base,smith2008,"Smith, Geoff 2008",Tok Pisin: Morphology and Syntax,,,,incollection,"Smith, Geoff",2008,Tok Pisin: Morphology and Syntax,,Varieties of English. Vol 3. The Pacific and Australasia,"Burridge, Kate and Kortmann, Bernd",488–513,,,,Berlin and New York,,,,Mouton textbook,,Mouton de Gruyter,,,,,,,1
143,2013-11-14T10:28:16.728820+01:00,2013-11-14T10:28:16.728825+01:00,True,{},base,trudgill1991,"Trudgill, Peter and Chambers, J. K. 1991",Dialects of English. Studies in grammatical variation,,,,book,"Trudgill, Peter and Chambers, J. K.",1991,Dialects of English. Studies in grammatical variation,,,,,,,,London and New York,,,,Longman linguistics library,,Longman,,,,,,,1
144,2013-11-14T10:28:16.729426+01:00,2013-11-14T10:28:16.729431+01:00,True,{},base,trudgill2008,"Trudgill, Peter 2008",The Dialect of East Anglia: Morphology and Syntax,,,,incollection,"Trudgill, Peter",2008,The Dialect of East Anglia: Morphology and Syntax,,Varieties of English. Vol. 1. The British Isles,"Kortmann, Bernd and Upton, Clive",404–416,,,,Berlin and New York,,,,Mouton textbook,,Mouton de Gruyter,,,,,,,1
145,2013-11-14T10:28:16.730017+01:00,2013-11-14T10:28:16.730022+01:00,True,{},base,upton1994,"Upton, Clive and Parry, David and Widdowson, J. D. A. 1994",Survey of English dialects. The dictionary and grammar,,,,book,"Upton, Clive and Parry, David and Widdowson, J. D. A.",1994,Survey of English dialects. The dictionary and grammar,,,,,,,,London and New York,,,,,,Routledge,,,,,,,1
146,2013-11-14T10:28:16.730630+01:00,2013-11-14T10:28:16.730636+01:00,True,{},base,voices,British Broadcasting Corporation 2005,BBC Voices,,,,misc,British Broadcasting Corporation,2005,BBC Voices,,,,,,,,,http://bbc.co.uk/voices,,,,,,,,,,,,1
147,2013-11-14T10:28:16.731257+01:00,2013-11-14T10:28:16.731263+01:00,True,"{""institution"": ""Anthropological Museum, University of Western Australia""}",base,waace,"Anthropological Museum, University of Western Australia nd",Western Australian Aboriginal Children’s English Database,,,,misc,"Anthropological Museum, University of Western Australia",,Western Australian Aboriginal Children’s English Database,,,,,,,,,,,,,,,,,,,,,1
148,2013-11-14T10:28:16.731837+01:00,2013-11-14T10:28:16.731843+01:00,True,{},base,wagner2008,"Wagner, Susanne 2008",English Dialects in the Southwest: Morphology and Syntax,,,,incollection,"Wagner, Susanne",2008,English Dialects in the Southwest: Morphology and Syntax,,Varieties of English. Vol. 1. The British Isles,"Kortmann, Bernd and Upton, Clive",417–439,,,,Berlin and New York,,,,Mouton textbook,,Mouton de Gruyter,,,,,,,1
149,2013-11-14T10:28:16.732414+01:00,2013-11-14T10:28:16.732419+01:00,True,{},base,wee2008,"Wee, Lionel 2008",Singapore English: Morphology and Syntax,,,,incollection,"Wee, Lionel",2008,Singapore English: Morphology and Syntax,,"Varieties of English. Vol. 4. Africa, South and Southeast Asia","Mesthrie, Rajend",593–609,,,,Berlin and New York,,,,Mouton textbook,,Mouton de Gruyter,,,,,,,1
150,2013-11-14T10:28:16.733000+01:00,2013-11-14T10:28:16.733006+01:00,True,{},base,wiley1980,"Wiley, Bell Irvin 1980","Slaves no more. Letters from Liberia, 1833-1869",,,,book,,1980,"Slaves no more. Letters from Liberia, 1833-1869",,,"Wiley, Bell Irvin",,,,,Lexington,,,,,,University Press of Kentucky,,,,,,,1
151,2013-11-14T10:28:16.733596+01:00,2013-11-14T10:28:16.733602+01:00,True,{},base,wilson2008,"Wilson, Sheila and Mesthrie, Rajend 2008",St. Helena English: Morphology and Syntax,,,,incollection,"Wilson, Sheila and Mesthrie, Rajend",2008,St. Helena English: Morphology and Syntax,,"Varieties of English. Vol. 4. Africa, South and Southeast Asia","Mesthrie, Rajend",535–545,,,,Berlin and New York,,,,Mouton textbook,,Mouton de Gruyter,,,,,,,1
152,2013-11-14T10:28:16.734248+01:00,2013-11-14T10:28:16.734254+01:00,True,{},base,winford2008,"Winford, Donald and Migge, Bettina 2008",Surinamese Creoles: Morphology and Syntax,,,,incollection,"Winford, Donald and Migge, Bettina",2008,Surinamese Creoles: Morphology and Syntax,,Varieties of English. Vol 2. The Americas and the Caribbean,"Schneider, Edgar W.",693–731,,,,Berlin and New York,,,,Mouton textbook,,Mouton de Gruyter,,,,,,,1
153,2013-11-14T10:28:16.734862+01:00,2013-11-14T10:28:16.734867+01:00,True,{},base,wolfram2004,"Wolfram, Walt and Carter, Phillip and Moriello, Beckie 2004",Emerging Hispanic English: New Dialect Formation in the  American South,,,,article,"Wolfram, Walt and Carter, Phillip and Moriello, Beckie",2004,Emerging Hispanic English: New Dialect Formation in the  American South,,,,339–358,,Journal of Sociolinguistics,,,,,3,,8,,,,,,,,1
154,2013-11-14T10:28:16.735478+01:00,2013-11-14T10:28:16.735485+01:00,True,{},base,wolfram2008,"Wolfram, Walt 2008",Rural and Ethnic Varieties in the Southeast: Morphology and Syntax,,,,incollection,"Wolfram, Walt",2008,Rural and Ethnic Varieties in the Southeast: Morphology and Syntax,,Varieties of English. Vol 2. The Americas and the Caribbean,"Schneider, Edgar W.",468–491,,,,Berlin and New York,,,,Mouton textbook,,Mouton de Gruyter,,,,,,,1
155,2013-11-14T10:28:16.736091+01:00,2013-11-14T10:28:16.736097+01:00,True,{},base,wolfram2008b,"Wolfram, Walt 2008",Urban African American Vernacular English: Morphology and Syntax,,,,incollection,"Wolfram, Walt",2008,Urban African American Vernacular English: Morphology and Syntax,,Varieties of English. Vol 2. The Americas and the Caribbean,"Schneider, Edgar W.",510–533,,,,Berlin and New York,,,,Mouton textbook,,Mouton de Gruyter,,,,,,,1
156,2013-11-14T10:28:16.736672+01:00,2013-11-14T10:28:16.736678+01:00,True,{},base,yillah2007,"Yillah, M. Sorie and Corcoran, Chris 2007",Krio (Creole English),,,,incollection,"Yillah, M. Sorie and Corcoran, Chris",2007,Krio (Creole English),,Comparative Creole Syntax. Parallel outlines of 18 Creole grammars,"Holm, John A. and Patrick, Peter L.",175–198,,,,London,,,,Westminster Creolistics series,7,Battlebridge,,,,,,,1
